USE [DiageoDB]
GO
/****** Object:  Table [dbo].[UserMenu]    Script Date: 11/21/2013 16:55:04 ******/
SET ANSI_NULLS ON
GO
SET QUOTED_IDENTIFIER ON
GO
SET ANSI_PADDING ON
GO
CREATE TABLE [dbo].[UserMenu](
	[menuId] [int] IDENTITY(1,1) NOT NULL,
	[isParent] [bit] NULL,
	[name] [varchar](100) NULL,
	[url] [varchar](100) NULL,
	[createDate] [datetime] NULL,
	[createBy] [varchar](100) NULL,
	[updateDate] [datetime] NULL,
	[updateBy] [varchar](100) NULL,
	[flag] [varchar](100) NULL,
	[parentID] [varchar](100) NULL,
 CONSTRAINT [PK_UserMenu] PRIMARY KEY CLUSTERED 
(
	[menuId] ASC
)WITH (PAD_INDEX  = OFF, STATISTICS_NORECOMPUTE  = OFF, IGNORE_DUP_KEY = OFF, ALLOW_ROW_LOCKS  = ON, ALLOW_PAGE_LOCKS  = ON) ON [PRIMARY]
) ON [PRIMARY]
GO
SET ANSI_PADDING OFF
GO
SET IDENTITY_INSERT [dbo].[UserMenu] ON
INSERT [dbo].[UserMenu] ([menuId], [isParent], [name], [url], [createDate], [createBy], [updateDate], [updateBy], [flag], [parentID]) VALUES (1, 1, N'System Configuration', NULL, CAST(0x0000A03100000000 AS DateTime), N'admin', CAST(0x0000A03100000000 AS DateTime), N'admin', NULL, NULL)
INSERT [dbo].[UserMenu] ([menuId], [isParent], [name], [url], [createDate], [createBy], [updateDate], [updateBy], [flag], [parentID]) VALUES (2, 1, N'Users', NULL, CAST(0x0000A03100000000 AS DateTime), N'admin', CAST(0x0000A03100000000 AS DateTime), N'admin', NULL, NULL)
INSERT [dbo].[UserMenu] ([menuId], [isParent], [name], [url], [createDate], [createBy], [updateDate], [updateBy], [flag], [parentID]) VALUES (3, 1, N'Upload Data', NULL, CAST(0x0000A03100000000 AS DateTime), N'admin', CAST(0x0000A03100000000 AS DateTime), N'admin', NULL, NULL)
INSERT [dbo].[UserMenu] ([menuId], [isParent], [name], [url], [createDate], [createBy], [updateDate], [updateBy], [flag], [parentID]) VALUES (4, 1, N'Reports', NULL, CAST(0x0000A03100000000 AS DateTime), N'admin', CAST(0x0000A03100000000 AS DateTime), N'admin', NULL, NULL)
INSERT [dbo].[UserMenu] ([menuId], [isParent], [name], [url], [createDate], [createBy], [updateDate], [updateBy], [flag], [parentID]) VALUES (5, 0, N'Call Center - Upload Data', N'ExtractData/UploadFile.aspx', CAST(0x0000A03100000000 AS DateTime), N'admin', CAST(0x0000A03100000000 AS DateTime), N'admin', NULL, N'3')
INSERT [dbo].[UserMenu] ([menuId], [isParent], [name], [url], [createDate], [createBy], [updateDate], [updateBy], [flag], [parentID]) VALUES (6, 0, N'User Account', N'Security/UserSearch.aspx', CAST(0x0000A03100000000 AS DateTime), N'admin', CAST(0x0000A03100000000 AS DateTime), N'admin', NULL, N'2')
INSERT [dbo].[UserMenu] ([menuId], [isParent], [name], [url], [createDate], [createBy], [updateDate], [updateBy], [flag], [parentID]) VALUES (7, 0, N'User Group', N'Security/UserGroupSearch.aspx', CAST(0x0000A03100000000 AS DateTime), N'admin', CAST(0x0000A03100000000 AS DateTime), N'admin', NULL, N'2')
INSERT [dbo].[UserMenu] ([menuId], [isParent], [name], [url], [createDate], [createBy], [updateDate], [updateBy], [flag], [parentID]) VALUES (8, 0, N'Access Group', N'Security/UserAccess.aspx', CAST(0x0000A03100000000 AS DateTime), N'admin', CAST(0x0000A03100000000 AS DateTime), N'admin', NULL, N'2')
INSERT [dbo].[UserMenu] ([menuId], [isParent], [name], [url], [createDate], [createBy], [updateDate], [updateBy], [flag], [parentID]) VALUES (9, 0, N'Outlet', N'Master/OutletSearch.aspx', CAST(0x0000A03D00000000 AS DateTime), N'admin', CAST(0x0000A03D00000000 AS DateTime), N'admin', NULL, N'1')
INSERT [dbo].[UserMenu] ([menuId], [isParent], [name], [url], [createDate], [createBy], [updateDate], [updateBy], [flag], [parentID]) VALUES (10, 0, N'4A', N'Master/SurveyTypeSearch.aspx', CAST(0x0000A03E00000000 AS DateTime), N'admin', CAST(0x0000A03E00000000 AS DateTime), N'admin', NULL, N'1')
INSERT [dbo].[UserMenu] ([menuId], [isParent], [name], [url], [createDate], [createBy], [updateDate], [updateBy], [flag], [parentID]) VALUES (11, 0, N'Province', N'Master/ProvinceSearch.aspx', CAST(0x0000A03E00000000 AS DateTime), N'admin', CAST(0x0000A03E00000000 AS DateTime), N'admin', NULL, N'1')
INSERT [dbo].[UserMenu] ([menuId], [isParent], [name], [url], [createDate], [createBy], [updateDate], [updateBy], [flag], [parentID]) VALUES (12, 0, N'Platform', N'Master/PlatformSearch.aspx', CAST(0x0000A03E00000000 AS DateTime), N'admin', CAST(0x0000A03E00000000 AS DateTime), N'admin', NULL, N'1')
INSERT [dbo].[UserMenu] ([menuId], [isParent], [name], [url], [createDate], [createBy], [updateDate], [updateBy], [flag], [parentID]) VALUES (14, 0, N'OutboundConfig', N'Master/OutboundConfigSearch.aspx', CAST(0x0000A04000000000 AS DateTime), N'admin', CAST(0x0000A04000000000 AS DateTime), N'admin', NULL, N'1')
INSERT [dbo].[UserMenu] ([menuId], [isParent], [name], [url], [createDate], [createBy], [updateDate], [updateBy], [flag], [parentID]) VALUES (15, 0, N'Extract Consumer', N'ExtractData/ExtractionConsumersData.aspx?mode=add&FromPage=Extract', CAST(0x0000A03100000000 AS DateTime), N'admin', CAST(0x0000A03100000000 AS DateTime), N'admin', NULL, N'3')
INSERT [dbo].[UserMenu] ([menuId], [isParent], [name], [url], [createDate], [createBy], [updateDate], [updateBy], [flag], [parentID]) VALUES (16, 1, N'Logout', N'Login.aspx', CAST(0x0000A03100000000 AS DateTime), N'admin', CAST(0x0000A03100000000 AS DateTime), N'admin', NULL, NULL)
INSERT [dbo].[UserMenu] ([menuId], [isParent], [name], [url], [createDate], [createBy], [updateDate], [updateBy], [flag], [parentID]) VALUES (17, 0, N'Consumer', N'Master/ConsumerSearch.aspx', CAST(0x0000A06200000000 AS DateTime), N'1', CAST(0x0000A06200000000 AS DateTime), N'1', NULL, N'1')
INSERT [dbo].[UserMenu] ([menuId], [isParent], [name], [url], [createDate], [createBy], [updateDate], [updateBy], [flag], [parentID]) VALUES (18, 0, N'Birthday', N'Master/OutboundEventBirthDaySearch.aspx', CAST(0x0000A06C00000000 AS DateTime), N'1', CAST(0x0000A06C00000000 AS DateTime), N'1', NULL, N'1')
INSERT [dbo].[UserMenu] ([menuId], [isParent], [name], [url], [createDate], [createBy], [updateDate], [updateBy], [flag], [parentID]) VALUES (19, 0, N'Event', N'Master/OutboundEventSearch.aspx', CAST(0x0000A06C00000000 AS DateTime), N'1', CAST(0x0000A06C00000000 AS DateTime), N'1', NULL, N'1')
INSERT [dbo].[UserMenu] ([menuId], [isParent], [name], [url], [createDate], [createBy], [updateDate], [updateBy], [flag], [parentID]) VALUES (21, 0, N'Smart touch App - Data Upload (CSV)', N'ExtractData/UploadCSVFromIPad.aspx', CAST(0x0000A09100000000 AS DateTime), N'1', CAST(0x0000A09100000000 AS DateTime), N'1', NULL, N'3')
INSERT [dbo].[UserMenu] ([menuId], [isParent], [name], [url], [createDate], [createBy], [updateDate], [updateBy], [flag], [parentID]) VALUES (23, 0, N'Dashboard Report', N'Reports/DashboardReport.aspx', CAST(0x0000A09100000000 AS DateTime), N'1', CAST(0x0000A09100000000 AS DateTime), N'1', NULL, N'4')
INSERT [dbo].[UserMenu] ([menuId], [isParent], [name], [url], [createDate], [createBy], [updateDate], [updateBy], [flag], [parentID]) VALUES (24, 0, N'Dashboard Report By Excel', N'Reports/ReportDashboardExcel.aspx', CAST(0x0000A09100000000 AS DateTime), N'1', CAST(0x0000A09100000000 AS DateTime), N'1', NULL, N'4')
INSERT [dbo].[UserMenu] ([menuId], [isParent], [name], [url], [createDate], [createBy], [updateDate], [updateBy], [flag], [parentID]) VALUES (25, 0, N'Performance Report', N'Reports/ReportPerformance.aspx', CAST(0x0000A09100000000 AS DateTime), N'1', CAST(0x0000A09100000000 AS DateTime), N'1', NULL, N'4')
INSERT [dbo].[UserMenu] ([menuId], [isParent], [name], [url], [createDate], [createBy], [updateDate], [updateBy], [flag], [parentID]) VALUES (26, 0, N'Data Entry Performance Detail', N'Reports/Report_DataEntryPerformanceDetail.aspx', CAST(0x0000A22D00000000 AS DateTime), N'1', CAST(0x0000A22C00000000 AS DateTime), N'1', NULL, N'4')
INSERT [dbo].[UserMenu] ([menuId], [isParent], [name], [url], [createDate], [createBy], [updateDate], [updateBy], [flag], [parentID]) VALUES (27, 0, N'Comparing Data Entry Performance', N'Reports/Report_ComparingDataEntryPerformance.aspx', CAST(0x0000A22D00000000 AS DateTime), N'1', CAST(0x0000A22C00000000 AS DateTime), N'1', NULL, N'4')
INSERT [dbo].[UserMenu] ([menuId], [isParent], [name], [url], [createDate], [createBy], [updateDate], [updateBy], [flag], [parentID]) VALUES (28, 0, N'Total Commicssion by Outlet', N'Reports/Report_TotalCommissionbyOutlet.aspx', CAST(0x0000A22D00000000 AS DateTime), N'1', CAST(0x0000A22C00000000 AS DateTime), N'1', NULL, N'4')
INSERT [dbo].[UserMenu] ([menuId], [isParent], [name], [url], [createDate], [createBy], [updateDate], [updateBy], [flag], [parentID]) VALUES (29, 0, N'Total Commicssion by Data Entry', N'Reports/Report_TotalCommissionbyDataEntry.aspx', CAST(0x0000A22D00000000 AS DateTime), N'1', CAST(0x0000A22C00000000 AS DateTime), N'1', NULL, N'4')
INSERT [dbo].[UserMenu] ([menuId], [isParent], [name], [url], [createDate], [createBy], [updateDate], [updateBy], [flag], [parentID]) VALUES (30, 0, N'Daily Data Entry Performance', N'Reports/Report_DailyDataEntryPerformance.aspx', CAST(0x0000A22D00000000 AS DateTime), N'1', CAST(0x0000A22C00000000 AS DateTime), N'1', NULL, N'4')
INSERT [dbo].[UserMenu] ([menuId], [isParent], [name], [url], [createDate], [createBy], [updateDate], [updateBy], [flag], [parentID]) VALUES (31, 0, N'Communication Report', N'Reports/CommunicationReport.aspx', CAST(0x0000A22D00000000 AS DateTime), N'1', CAST(0x0000A22C00000000 AS DateTime), N'1', NULL, N'4')
INSERT [dbo].[UserMenu] ([menuId], [isParent], [name], [url], [createDate], [createBy], [updateDate], [updateBy], [flag], [parentID]) VALUES (32, 0, N'Consumer master data (raw data)', N'ExtractData/ExtracConsumerMasterData.aspx', NULL, NULL, NULL, NULL, NULL, N'3')
INSERT [dbo].[UserMenu] ([menuId], [isParent], [name], [url], [createDate], [createBy], [updateDate], [updateBy], [flag], [parentID]) VALUES (33, 0, N'Campaign specific data', N'ExtractData/ExtractCampaignSpecificData.aspx', NULL, NULL, NULL, NULL, NULL, N'3')
SET IDENTITY_INSERT [dbo].[UserMenu] OFF
/****** Object:  Table [dbo].[UserGroup]    Script Date: 11/21/2013 16:55:04 ******/
SET ANSI_NULLS ON
GO
SET QUOTED_IDENTIFIER ON
GO
SET ANSI_PADDING ON
GO
CREATE TABLE [dbo].[UserGroup](
	[groupId] [int] IDENTITY(1,1) NOT NULL,
	[name] [varchar](100) NULL,
	[active] [char](1) NULL,
	[createDate] [datetime] NULL,
	[createBy] [varchar](100) NULL,
	[updateDate] [datetime] NULL,
	[updateBy] [varchar](100) NULL,
	[flag] [varchar](100) NULL,
 CONSTRAINT [PK_UserGroup] PRIMARY KEY CLUSTERED 
(
	[groupId] ASC
)WITH (PAD_INDEX  = OFF, STATISTICS_NORECOMPUTE  = OFF, IGNORE_DUP_KEY = OFF, ALLOW_ROW_LOCKS  = ON, ALLOW_PAGE_LOCKS  = ON) ON [PRIMARY]
) ON [PRIMARY]
GO
SET ANSI_PADDING OFF
GO
SET IDENTITY_INSERT [dbo].[UserGroup] ON
INSERT [dbo].[UserGroup] ([groupId], [name], [active], [createDate], [createBy], [updateDate], [updateBy], [flag]) VALUES (1, N'admin', N'T', CAST(0x0000A02200000000 AS DateTime), N'Admin', CAST(0x0000A078010BC381 AS DateTime), N'38', NULL)
INSERT [dbo].[UserGroup] ([groupId], [name], [active], [createDate], [createBy], [updateDate], [updateBy], [flag]) VALUES (2, N'test', N'T', CAST(0x0000A03700000000 AS DateTime), N'Admin', CAST(0x0000A078011E0095 AS DateTime), N'38', NULL)
INSERT [dbo].[UserGroup] ([groupId], [name], [active], [createDate], [createBy], [updateDate], [updateBy], [flag]) VALUES (3, N'TEST1', N'T', CAST(0x0000A04300DBD81F AS DateTime), N'1', CAST(0x0000A0580117494F AS DateTime), N'4', NULL)
INSERT [dbo].[UserGroup] ([groupId], [name], [active], [createDate], [createBy], [updateDate], [updateBy], [flag]) VALUES (4, N'user', N'T', CAST(0x0000A0520118036D AS DateTime), N'10', CAST(0x0000A07B00AC7FAB AS DateTime), N'36', NULL)
INSERT [dbo].[UserGroup] ([groupId], [name], [active], [createDate], [createBy], [updateDate], [updateBy], [flag]) VALUES (5, N'HR', N'T', CAST(0x0000A06100E3770F AS DateTime), N'36', CAST(0x0000A078011D8DC1 AS DateTime), N'38', NULL)
INSERT [dbo].[UserGroup] ([groupId], [name], [active], [createDate], [createBy], [updateDate], [updateBy], [flag]) VALUES (6, N'SA', N'T', CAST(0x0000A07800C53CBA AS DateTime), N'36', CAST(0x0000A07800C8C5DB AS DateTime), N'36', NULL)
INSERT [dbo].[UserGroup] ([groupId], [name], [active], [createDate], [createBy], [updateDate], [updateBy], [flag]) VALUES (7, N'PG', N'T', CAST(0x0000A07800C55307 AS DateTime), N'36', CAST(0x0000A07800C8CCB7 AS DateTime), N'36', NULL)
INSERT [dbo].[UserGroup] ([groupId], [name], [active], [createDate], [createBy], [updateDate], [updateBy], [flag]) VALUES (8, N'PM', N'T', CAST(0x0000A07800E41973 AS DateTime), N'36', CAST(0x0000A078011DF43D AS DateTime), N'38', NULL)
INSERT [dbo].[UserGroup] ([groupId], [name], [active], [createDate], [createBy], [updateDate], [updateBy], [flag]) VALUES (10, N'สร้าง Group', N'T', CAST(0x0000A0780115ED1C AS DateTime), N'38', CAST(0x0000A07B00B1EE24 AS DateTime), N'36', NULL)
INSERT [dbo].[UserGroup] ([groupId], [name], [active], [createDate], [createBy], [updateDate], [updateBy], [flag]) VALUES (11, N'Seven', N'T', CAST(0x0000A078011760D0 AS DateTime), N'38', CAST(0x0000A078011760D0 AS DateTime), N'38', NULL)
INSERT [dbo].[UserGroup] ([groupId], [name], [active], [createDate], [createBy], [updateDate], [updateBy], [flag]) VALUES (13, N'TRUE', N'T', CAST(0x0000A084010E8D3F AS DateTime), N'1', CAST(0x0000A084010E8D3F AS DateTime), N'1', NULL)
INSERT [dbo].[UserGroup] ([groupId], [name], [active], [createDate], [createBy], [updateDate], [updateBy], [flag]) VALUES (14, N'ONETO', N'T', CAST(0x0000A08500F48DF9 AS DateTime), N'1', CAST(0x0000A08500F48DFA AS DateTime), N'1', NULL)
INSERT [dbo].[UserGroup] ([groupId], [name], [active], [createDate], [createBy], [updateDate], [updateBy], [flag]) VALUES (15, N'ab', N'T', CAST(0x0000A089011DCD07 AS DateTime), N'11', CAST(0x0000A089011DCD07 AS DateTime), N'11', NULL)
INSERT [dbo].[UserGroup] ([groupId], [name], [active], [createDate], [createBy], [updateDate], [updateBy], [flag]) VALUES (16, N'การ์ตูน ณ', N'T', CAST(0x0000A089011E8145 AS DateTime), N'11', CAST(0x0000A08A00E5A13F AS DateTime), N'1', NULL)
INSERT [dbo].[UserGroup] ([groupId], [name], [active], [createDate], [createBy], [updateDate], [updateBy], [flag]) VALUES (17, N'ห', N'T', CAST(0x0000A089011F9541 AS DateTime), N'11', CAST(0x0000A089011F9541 AS DateTime), N'11', NULL)
INSERT [dbo].[UserGroup] ([groupId], [name], [active], [createDate], [createBy], [updateDate], [updateBy], [flag]) VALUES (18, N'A''', N'T', CAST(0x0000A08A012A2A44 AS DateTime), N'1', CAST(0x0000A08A0163011A AS DateTime), N'1', NULL)
INSERT [dbo].[UserGroup] ([groupId], [name], [active], [createDate], [createBy], [updateDate], [updateBy], [flag]) VALUES (19, N'HK', N'T', CAST(0x0000A08B01158C6A AS DateTime), N'1', CAST(0x0000A08B01158C6A AS DateTime), N'1', NULL)
INSERT [dbo].[UserGroup] ([groupId], [name], [active], [createDate], [createBy], [updateDate], [updateBy], [flag]) VALUES (20, N'c', N'T', CAST(0x0000A08C00A17E0C AS DateTime), N'11', CAST(0x0000A08C00E356F3 AS DateTime), N'1', NULL)
INSERT [dbo].[UserGroup] ([groupId], [name], [active], [createDate], [createBy], [updateDate], [updateBy], [flag]) VALUES (21, N'df', N'T', CAST(0x0000A08C00A1A977 AS DateTime), N'11', CAST(0x0000A08C00A1A977 AS DateTime), N'11', NULL)
INSERT [dbo].[UserGroup] ([groupId], [name], [active], [createDate], [createBy], [updateDate], [updateBy], [flag]) VALUES (22, N'k', N'T', CAST(0x0000A08C00A1C42F AS DateTime), N'11', CAST(0x0000A08C00A70AE2 AS DateTime), N'11', NULL)
INSERT [dbo].[UserGroup] ([groupId], [name], [active], [createDate], [createBy], [updateDate], [updateBy], [flag]) VALUES (23, N'd', N'T', CAST(0x0000A08C00A3B0A4 AS DateTime), N'11', CAST(0x0000A08C00A3B0A4 AS DateTime), N'11', NULL)
INSERT [dbo].[UserGroup] ([groupId], [name], [active], [createDate], [createBy], [updateDate], [updateBy], [flag]) VALUES (24, N'Coffee', N'T', CAST(0x0000A08C00DFFA1E AS DateTime), N'1', CAST(0x0000A08C00E35E72 AS DateTime), N'1', NULL)
INSERT [dbo].[UserGroup] ([groupId], [name], [active], [createDate], [createBy], [updateDate], [updateBy], [flag]) VALUES (25, N'Food', N'T', CAST(0x0000A08C00E3004A AS DateTime), N'1', CAST(0x0000A08C00E3004A AS DateTime), N'1', NULL)
INSERT [dbo].[UserGroup] ([groupId], [name], [active], [createDate], [createBy], [updateDate], [updateBy], [flag]) VALUES (26, N'r', N'T', CAST(0x0000A08C00E3CA4C AS DateTime), N'1', CAST(0x0000A08C00E3CA4C AS DateTime), N'1', NULL)
INSERT [dbo].[UserGroup] ([groupId], [name], [active], [createDate], [createBy], [updateDate], [updateBy], [flag]) VALUES (27, N'b''day', N'T', CAST(0x0000A09100F9DADD AS DateTime), N'1', CAST(0x0000A09100F9DADD AS DateTime), N'1', NULL)
INSERT [dbo].[UserGroup] ([groupId], [name], [active], [createDate], [createBy], [updateDate], [updateBy], [flag]) VALUES (28, N'cc', N'T', CAST(0x0000A09101087144 AS DateTime), N'1', CAST(0x0000A09101087144 AS DateTime), N'1', NULL)
INSERT [dbo].[UserGroup] ([groupId], [name], [active], [createDate], [createBy], [updateDate], [updateBy], [flag]) VALUES (29, N'a''b', N'T', CAST(0x0000A091015782B3 AS DateTime), N'8', CAST(0x0000A091015782B3 AS DateTime), N'8', NULL)
INSERT [dbo].[UserGroup] ([groupId], [name], [active], [createDate], [createBy], [updateDate], [updateBy], [flag]) VALUES (30, N'e', N'T', CAST(0x0000A09200AED63A AS DateTime), N'8', CAST(0x0000A09200AED63A AS DateTime), N'8', NULL)
INSERT [dbo].[UserGroup] ([groupId], [name], [active], [createDate], [createBy], [updateDate], [updateBy], [flag]) VALUES (31, N'test-sit', N'T', CAST(0x0000A09300F2A150 AS DateTime), N'1', CAST(0x0000A09300F2A150 AS DateTime), N'1', NULL)
SET IDENTITY_INSERT [dbo].[UserGroup] OFF
/****** Object:  Table [dbo].[UserAccess]    Script Date: 11/21/2013 16:55:04 ******/
SET ANSI_NULLS ON
GO
SET QUOTED_IDENTIFIER ON
GO
SET ANSI_PADDING ON
GO
CREATE TABLE [dbo].[UserAccess](
	[accessGroupId] [int] IDENTITY(1,1) NOT NULL,
	[menuId] [int] NULL,
	[groupId] [int] NULL,
	[accessView] [char](1) NULL,
	[accessCreate] [char](1) NULL,
	[accessModify] [char](1) NULL,
	[accessDelete] [char](1) NULL,
	[active] [char](1) NULL,
	[createDate] [datetime] NULL,
	[createBy] [varchar](100) NULL,
	[updateDate] [datetime] NULL,
	[updateBy] [varchar](100) NULL,
	[flag] [varchar](100) NULL,
	[accessExport] [char](1) NULL,
	[accessPrint] [char](1) NULL,
 CONSTRAINT [PK_UserAccess] PRIMARY KEY CLUSTERED 
(
	[accessGroupId] ASC
)WITH (PAD_INDEX  = OFF, STATISTICS_NORECOMPUTE  = OFF, IGNORE_DUP_KEY = OFF, ALLOW_ROW_LOCKS  = ON, ALLOW_PAGE_LOCKS  = ON) ON [PRIMARY]
) ON [PRIMARY]
GO
SET ANSI_PADDING OFF
GO
SET IDENTITY_INSERT [dbo].[UserAccess] ON
INSERT [dbo].[UserAccess] ([accessGroupId], [menuId], [groupId], [accessView], [accessCreate], [accessModify], [accessDelete], [active], [createDate], [createBy], [updateDate], [updateBy], [flag], [accessExport], [accessPrint]) VALUES (1, 1, 1, N'T', N'T', N'T', N'T', N'T', CAST(0x0000A27D0101BB54 AS DateTime), N'1', CAST(0x0000A27D0101BB54 AS DateTime), N'1', NULL, N'T', N'T')
INSERT [dbo].[UserAccess] ([accessGroupId], [menuId], [groupId], [accessView], [accessCreate], [accessModify], [accessDelete], [active], [createDate], [createBy], [updateDate], [updateBy], [flag], [accessExport], [accessPrint]) VALUES (2, 2, 1, N'T', N'T', N'T', N'T', N'T', CAST(0x0000A27D0101BB54 AS DateTime), N'1', CAST(0x0000A27D0101BB54 AS DateTime), N'1', NULL, N'T', N'T')
INSERT [dbo].[UserAccess] ([accessGroupId], [menuId], [groupId], [accessView], [accessCreate], [accessModify], [accessDelete], [active], [createDate], [createBy], [updateDate], [updateBy], [flag], [accessExport], [accessPrint]) VALUES (3, 3, 1, N'T', N'T', N'T', N'T', N'T', CAST(0x0000A27D0101BB54 AS DateTime), N'1', CAST(0x0000A27D0101BB54 AS DateTime), N'1', NULL, N'T', N'T')
INSERT [dbo].[UserAccess] ([accessGroupId], [menuId], [groupId], [accessView], [accessCreate], [accessModify], [accessDelete], [active], [createDate], [createBy], [updateDate], [updateBy], [flag], [accessExport], [accessPrint]) VALUES (4, 4, 1, N'T', N'T', N'T', N'T', N'T', CAST(0x0000A27D0101BB54 AS DateTime), N'1', CAST(0x0000A27D0101BB54 AS DateTime), N'1', NULL, N'T', N'T')
INSERT [dbo].[UserAccess] ([accessGroupId], [menuId], [groupId], [accessView], [accessCreate], [accessModify], [accessDelete], [active], [createDate], [createBy], [updateDate], [updateBy], [flag], [accessExport], [accessPrint]) VALUES (5, 5, 1, N'T', N'T', N'T', N'T', N'T', CAST(0x0000A1320127D857 AS DateTime), N'1', CAST(0x0000A1320127D857 AS DateTime), N'1', NULL, N'T', N'T')
INSERT [dbo].[UserAccess] ([accessGroupId], [menuId], [groupId], [accessView], [accessCreate], [accessModify], [accessDelete], [active], [createDate], [createBy], [updateDate], [updateBy], [flag], [accessExport], [accessPrint]) VALUES (6, 6, 1, N'T', N'T', N'T', N'T', N'T', CAST(0x0000A08B00C9F57D AS DateTime), N'1', CAST(0x0000A08B00C9F57D AS DateTime), N'1', NULL, N'T', N'T')
INSERT [dbo].[UserAccess] ([accessGroupId], [menuId], [groupId], [accessView], [accessCreate], [accessModify], [accessDelete], [active], [createDate], [createBy], [updateDate], [updateBy], [flag], [accessExport], [accessPrint]) VALUES (7, 7, 1, N'T', N'T', N'T', N'T', N'T', CAST(0x0000A08B00C9F57D AS DateTime), N'1', CAST(0x0000A08B00C9F57D AS DateTime), N'1', NULL, N'T', N'T')
INSERT [dbo].[UserAccess] ([accessGroupId], [menuId], [groupId], [accessView], [accessCreate], [accessModify], [accessDelete], [active], [createDate], [createBy], [updateDate], [updateBy], [flag], [accessExport], [accessPrint]) VALUES (8, 8, 1, N'T', N'T', N'T', N'T', N'T', CAST(0x0000A08B00C9F57D AS DateTime), N'1', CAST(0x0000A08B00C9F57D AS DateTime), N'1', NULL, N'T', N'T')
INSERT [dbo].[UserAccess] ([accessGroupId], [menuId], [groupId], [accessView], [accessCreate], [accessModify], [accessDelete], [active], [createDate], [createBy], [updateDate], [updateBy], [flag], [accessExport], [accessPrint]) VALUES (9, 9, 1, N'T', N'T', N'T', N'T', N'T', CAST(0x0000A08B00C9F57D AS DateTime), N'1', CAST(0x0000A08B00C9F57D AS DateTime), N'1', NULL, N'T', N'T')
INSERT [dbo].[UserAccess] ([accessGroupId], [menuId], [groupId], [accessView], [accessCreate], [accessModify], [accessDelete], [active], [createDate], [createBy], [updateDate], [updateBy], [flag], [accessExport], [accessPrint]) VALUES (10, 10, 1, N'T', N'T', N'T', N'T', N'T', CAST(0x0000A08B00C9F57D AS DateTime), N'1', CAST(0x0000A08B00C9F57D AS DateTime), N'1', NULL, N'T', N'T')
INSERT [dbo].[UserAccess] ([accessGroupId], [menuId], [groupId], [accessView], [accessCreate], [accessModify], [accessDelete], [active], [createDate], [createBy], [updateDate], [updateBy], [flag], [accessExport], [accessPrint]) VALUES (11, 11, 1, N'T', N'T', N'T', N'T', N'T', CAST(0x0000A08B00C9F57D AS DateTime), N'1', CAST(0x0000A08B00C9F57D AS DateTime), N'1', NULL, N'T', N'T')
INSERT [dbo].[UserAccess] ([accessGroupId], [menuId], [groupId], [accessView], [accessCreate], [accessModify], [accessDelete], [active], [createDate], [createBy], [updateDate], [updateBy], [flag], [accessExport], [accessPrint]) VALUES (12, 12, 1, N'T', N'T', N'T', N'T', N'T', CAST(0x0000A08B00C9F57D AS DateTime), N'1', CAST(0x0000A08B00C9F57D AS DateTime), N'1', NULL, N'T', N'T')
INSERT [dbo].[UserAccess] ([accessGroupId], [menuId], [groupId], [accessView], [accessCreate], [accessModify], [accessDelete], [active], [createDate], [createBy], [updateDate], [updateBy], [flag], [accessExport], [accessPrint]) VALUES (14, 14, 1, N'T', N'T', N'T', N'T', N'T', CAST(0x0000A08B00C9F57D AS DateTime), N'1', CAST(0x0000A08B00C9F57D AS DateTime), N'1', NULL, N'T', N'T')
INSERT [dbo].[UserAccess] ([accessGroupId], [menuId], [groupId], [accessView], [accessCreate], [accessModify], [accessDelete], [active], [createDate], [createBy], [updateDate], [updateBy], [flag], [accessExport], [accessPrint]) VALUES (15, 15, 1, N'T', N'T', N'T', N'T', N'T', CAST(0x0000A08B00C9F57D AS DateTime), N'1', CAST(0x0000A08B00C9F57D AS DateTime), N'1', NULL, N'T', N'T')
INSERT [dbo].[UserAccess] ([accessGroupId], [menuId], [groupId], [accessView], [accessCreate], [accessModify], [accessDelete], [active], [createDate], [createBy], [updateDate], [updateBy], [flag], [accessExport], [accessPrint]) VALUES (16, 16, 1, N'T', N'T', N'T', N'T', N'T', CAST(0x0000A27D0101BB54 AS DateTime), N'1', CAST(0x0000A27D0101BB54 AS DateTime), N'1', NULL, N'T', N'T')
INSERT [dbo].[UserAccess] ([accessGroupId], [menuId], [groupId], [accessView], [accessCreate], [accessModify], [accessDelete], [active], [createDate], [createBy], [updateDate], [updateBy], [flag], [accessExport], [accessPrint]) VALUES (17, 17, 1, N'T', N'T', N'T', N'T', N'T', CAST(0x0000A08B00C9F57C AS DateTime), N'1', CAST(0x0000A08B00C9F57C AS DateTime), N'1', NULL, N'T', N'T')
INSERT [dbo].[UserAccess] ([accessGroupId], [menuId], [groupId], [accessView], [accessCreate], [accessModify], [accessDelete], [active], [createDate], [createBy], [updateDate], [updateBy], [flag], [accessExport], [accessPrint]) VALUES (18, 18, 1, N'T', N'T', N'T', N'T', N'T', CAST(0x0000A08B00C9F57D AS DateTime), N'1', CAST(0x0000A08B00C9F57D AS DateTime), N'1', NULL, N'T', N'T')
INSERT [dbo].[UserAccess] ([accessGroupId], [menuId], [groupId], [accessView], [accessCreate], [accessModify], [accessDelete], [active], [createDate], [createBy], [updateDate], [updateBy], [flag], [accessExport], [accessPrint]) VALUES (19, 19, 1, N'T', N'T', N'T', N'T', N'T', CAST(0x0000A08B00C9F57D AS DateTime), N'1', CAST(0x0000A08B00C9F57D AS DateTime), N'1', NULL, N'T', N'T')
INSERT [dbo].[UserAccess] ([accessGroupId], [menuId], [groupId], [accessView], [accessCreate], [accessModify], [accessDelete], [active], [createDate], [createBy], [updateDate], [updateBy], [flag], [accessExport], [accessPrint]) VALUES (20, 17, 13, N'F', N'F', N'F', N'F', N'T', CAST(0x0000A084010EB214 AS DateTime), N'1', CAST(0x0000A084010EB214 AS DateTime), N'1', NULL, N'F', N'F')
INSERT [dbo].[UserAccess] ([accessGroupId], [menuId], [groupId], [accessView], [accessCreate], [accessModify], [accessDelete], [active], [createDate], [createBy], [updateDate], [updateBy], [flag], [accessExport], [accessPrint]) VALUES (21, 18, 13, N'F', N'F', N'F', N'F', N'T', CAST(0x0000A084010EB216 AS DateTime), N'1', CAST(0x0000A084010EB216 AS DateTime), N'1', NULL, N'F', N'F')
INSERT [dbo].[UserAccess] ([accessGroupId], [menuId], [groupId], [accessView], [accessCreate], [accessModify], [accessDelete], [active], [createDate], [createBy], [updateDate], [updateBy], [flag], [accessExport], [accessPrint]) VALUES (22, 19, 13, N'F', N'F', N'F', N'F', N'T', CAST(0x0000A084010EB216 AS DateTime), N'1', CAST(0x0000A084010EB216 AS DateTime), N'1', NULL, N'F', N'F')
INSERT [dbo].[UserAccess] ([accessGroupId], [menuId], [groupId], [accessView], [accessCreate], [accessModify], [accessDelete], [active], [createDate], [createBy], [updateDate], [updateBy], [flag], [accessExport], [accessPrint]) VALUES (23, 6, 13, N'F', N'F', N'F', N'F', N'T', CAST(0x0000A084010EB216 AS DateTime), N'1', CAST(0x0000A084010EB216 AS DateTime), N'1', NULL, N'F', N'F')
INSERT [dbo].[UserAccess] ([accessGroupId], [menuId], [groupId], [accessView], [accessCreate], [accessModify], [accessDelete], [active], [createDate], [createBy], [updateDate], [updateBy], [flag], [accessExport], [accessPrint]) VALUES (24, 7, 13, N'F', N'F', N'F', N'F', N'T', CAST(0x0000A084010EB216 AS DateTime), N'1', CAST(0x0000A084010EB216 AS DateTime), N'1', NULL, N'F', N'F')
INSERT [dbo].[UserAccess] ([accessGroupId], [menuId], [groupId], [accessView], [accessCreate], [accessModify], [accessDelete], [active], [createDate], [createBy], [updateDate], [updateBy], [flag], [accessExport], [accessPrint]) VALUES (25, 8, 13, N'F', N'F', N'F', N'F', N'T', CAST(0x0000A084010EB216 AS DateTime), N'1', CAST(0x0000A084010EB216 AS DateTime), N'1', NULL, N'F', N'F')
INSERT [dbo].[UserAccess] ([accessGroupId], [menuId], [groupId], [accessView], [accessCreate], [accessModify], [accessDelete], [active], [createDate], [createBy], [updateDate], [updateBy], [flag], [accessExport], [accessPrint]) VALUES (26, 9, 13, N'F', N'F', N'F', N'F', N'T', CAST(0x0000A084010EB216 AS DateTime), N'1', CAST(0x0000A084010EB216 AS DateTime), N'1', NULL, N'F', N'F')
INSERT [dbo].[UserAccess] ([accessGroupId], [menuId], [groupId], [accessView], [accessCreate], [accessModify], [accessDelete], [active], [createDate], [createBy], [updateDate], [updateBy], [flag], [accessExport], [accessPrint]) VALUES (27, 10, 13, N'F', N'F', N'F', N'F', N'T', CAST(0x0000A084010EB216 AS DateTime), N'1', CAST(0x0000A084010EB216 AS DateTime), N'1', NULL, N'F', N'F')
INSERT [dbo].[UserAccess] ([accessGroupId], [menuId], [groupId], [accessView], [accessCreate], [accessModify], [accessDelete], [active], [createDate], [createBy], [updateDate], [updateBy], [flag], [accessExport], [accessPrint]) VALUES (28, 11, 13, N'F', N'F', N'F', N'F', N'T', CAST(0x0000A084010EB216 AS DateTime), N'1', CAST(0x0000A084010EB216 AS DateTime), N'1', NULL, N'F', N'F')
INSERT [dbo].[UserAccess] ([accessGroupId], [menuId], [groupId], [accessView], [accessCreate], [accessModify], [accessDelete], [active], [createDate], [createBy], [updateDate], [updateBy], [flag], [accessExport], [accessPrint]) VALUES (29, 12, 13, N'F', N'F', N'F', N'F', N'T', CAST(0x0000A084010EB216 AS DateTime), N'1', CAST(0x0000A084010EB216 AS DateTime), N'1', NULL, N'F', N'F')
INSERT [dbo].[UserAccess] ([accessGroupId], [menuId], [groupId], [accessView], [accessCreate], [accessModify], [accessDelete], [active], [createDate], [createBy], [updateDate], [updateBy], [flag], [accessExport], [accessPrint]) VALUES (30, 13, 13, N'F', N'F', N'F', N'F', N'T', CAST(0x0000A084010EB216 AS DateTime), N'1', CAST(0x0000A084010EB216 AS DateTime), N'1', NULL, N'F', N'F')
INSERT [dbo].[UserAccess] ([accessGroupId], [menuId], [groupId], [accessView], [accessCreate], [accessModify], [accessDelete], [active], [createDate], [createBy], [updateDate], [updateBy], [flag], [accessExport], [accessPrint]) VALUES (31, 14, 13, N'F', N'F', N'F', N'F', N'T', CAST(0x0000A084010EB216 AS DateTime), N'1', CAST(0x0000A084010EB216 AS DateTime), N'1', NULL, N'F', N'F')
INSERT [dbo].[UserAccess] ([accessGroupId], [menuId], [groupId], [accessView], [accessCreate], [accessModify], [accessDelete], [active], [createDate], [createBy], [updateDate], [updateBy], [flag], [accessExport], [accessPrint]) VALUES (33, 5, 13, N'T', N'T', N'T', N'T', N'T', CAST(0x0000A084010EB216 AS DateTime), N'1', CAST(0x0000A084010EB216 AS DateTime), N'1', NULL, N'T', N'T')
INSERT [dbo].[UserAccess] ([accessGroupId], [menuId], [groupId], [accessView], [accessCreate], [accessModify], [accessDelete], [active], [createDate], [createBy], [updateDate], [updateBy], [flag], [accessExport], [accessPrint]) VALUES (34, 2, 13, N'T', N'T', N'T', N'T', N'T', CAST(0x0000A084010EB216 AS DateTime), N'1', CAST(0x0000A084010EB216 AS DateTime), N'1', NULL, N'T', N'T')
INSERT [dbo].[UserAccess] ([accessGroupId], [menuId], [groupId], [accessView], [accessCreate], [accessModify], [accessDelete], [active], [createDate], [createBy], [updateDate], [updateBy], [flag], [accessExport], [accessPrint]) VALUES (35, 16, 13, N'T', N'T', N'T', N'T', N'T', NULL, NULL, NULL, NULL, NULL, NULL, NULL)
INSERT [dbo].[UserAccess] ([accessGroupId], [menuId], [groupId], [accessView], [accessCreate], [accessModify], [accessDelete], [active], [createDate], [createBy], [updateDate], [updateBy], [flag], [accessExport], [accessPrint]) VALUES (36, 1, 14, N'T', N'F', N'F', N'F', N'T', CAST(0x0000A08500F4A9BB AS DateTime), N'1', CAST(0x0000A08500F4A9BB AS DateTime), N'1', NULL, N'F', N'F')
INSERT [dbo].[UserAccess] ([accessGroupId], [menuId], [groupId], [accessView], [accessCreate], [accessModify], [accessDelete], [active], [createDate], [createBy], [updateDate], [updateBy], [flag], [accessExport], [accessPrint]) VALUES (37, 17, 14, N'F', N'F', N'F', N'F', N'T', CAST(0x0000A08500F4A9BC AS DateTime), N'1', CAST(0x0000A08500F4A9BC AS DateTime), N'1', NULL, N'F', N'F')
INSERT [dbo].[UserAccess] ([accessGroupId], [menuId], [groupId], [accessView], [accessCreate], [accessModify], [accessDelete], [active], [createDate], [createBy], [updateDate], [updateBy], [flag], [accessExport], [accessPrint]) VALUES (38, 18, 14, N'F', N'F', N'F', N'F', N'T', CAST(0x0000A08500F4A9BC AS DateTime), N'1', CAST(0x0000A08500F4A9BC AS DateTime), N'1', NULL, N'F', N'F')
INSERT [dbo].[UserAccess] ([accessGroupId], [menuId], [groupId], [accessView], [accessCreate], [accessModify], [accessDelete], [active], [createDate], [createBy], [updateDate], [updateBy], [flag], [accessExport], [accessPrint]) VALUES (39, 19, 14, N'F', N'F', N'F', N'F', N'T', CAST(0x0000A08500F4A9BC AS DateTime), N'1', CAST(0x0000A08500F4A9BC AS DateTime), N'1', NULL, N'F', N'F')
INSERT [dbo].[UserAccess] ([accessGroupId], [menuId], [groupId], [accessView], [accessCreate], [accessModify], [accessDelete], [active], [createDate], [createBy], [updateDate], [updateBy], [flag], [accessExport], [accessPrint]) VALUES (40, 6, 14, N'F', N'F', N'F', N'F', N'T', CAST(0x0000A08500F4A9BC AS DateTime), N'1', CAST(0x0000A08500F4A9BC AS DateTime), N'1', NULL, N'F', N'F')
INSERT [dbo].[UserAccess] ([accessGroupId], [menuId], [groupId], [accessView], [accessCreate], [accessModify], [accessDelete], [active], [createDate], [createBy], [updateDate], [updateBy], [flag], [accessExport], [accessPrint]) VALUES (41, 7, 14, N'F', N'F', N'F', N'F', N'T', CAST(0x0000A08500F4A9BC AS DateTime), N'1', CAST(0x0000A08500F4A9BC AS DateTime), N'1', NULL, N'F', N'F')
INSERT [dbo].[UserAccess] ([accessGroupId], [menuId], [groupId], [accessView], [accessCreate], [accessModify], [accessDelete], [active], [createDate], [createBy], [updateDate], [updateBy], [flag], [accessExport], [accessPrint]) VALUES (42, 8, 14, N'F', N'F', N'F', N'F', N'T', CAST(0x0000A08500F4A9BC AS DateTime), N'1', CAST(0x0000A08500F4A9BC AS DateTime), N'1', NULL, N'F', N'F')
INSERT [dbo].[UserAccess] ([accessGroupId], [menuId], [groupId], [accessView], [accessCreate], [accessModify], [accessDelete], [active], [createDate], [createBy], [updateDate], [updateBy], [flag], [accessExport], [accessPrint]) VALUES (43, 9, 14, N'F', N'F', N'F', N'F', N'T', CAST(0x0000A08500F4A9BC AS DateTime), N'1', CAST(0x0000A08500F4A9BC AS DateTime), N'1', NULL, N'F', N'F')
INSERT [dbo].[UserAccess] ([accessGroupId], [menuId], [groupId], [accessView], [accessCreate], [accessModify], [accessDelete], [active], [createDate], [createBy], [updateDate], [updateBy], [flag], [accessExport], [accessPrint]) VALUES (44, 10, 14, N'F', N'F', N'F', N'F', N'T', CAST(0x0000A08500F4A9BC AS DateTime), N'1', CAST(0x0000A08500F4A9BC AS DateTime), N'1', NULL, N'F', N'F')
INSERT [dbo].[UserAccess] ([accessGroupId], [menuId], [groupId], [accessView], [accessCreate], [accessModify], [accessDelete], [active], [createDate], [createBy], [updateDate], [updateBy], [flag], [accessExport], [accessPrint]) VALUES (45, 11, 14, N'F', N'F', N'F', N'F', N'T', CAST(0x0000A08500F4A9BC AS DateTime), N'1', CAST(0x0000A08500F4A9BC AS DateTime), N'1', NULL, N'F', N'F')
INSERT [dbo].[UserAccess] ([accessGroupId], [menuId], [groupId], [accessView], [accessCreate], [accessModify], [accessDelete], [active], [createDate], [createBy], [updateDate], [updateBy], [flag], [accessExport], [accessPrint]) VALUES (46, 12, 14, N'F', N'F', N'F', N'F', N'T', CAST(0x0000A08500F4A9BC AS DateTime), N'1', CAST(0x0000A08500F4A9BC AS DateTime), N'1', NULL, N'F', N'F')
INSERT [dbo].[UserAccess] ([accessGroupId], [menuId], [groupId], [accessView], [accessCreate], [accessModify], [accessDelete], [active], [createDate], [createBy], [updateDate], [updateBy], [flag], [accessExport], [accessPrint]) VALUES (47, 13, 14, N'F', N'F', N'F', N'F', N'T', CAST(0x0000A08500F4A9BC AS DateTime), N'1', CAST(0x0000A08500F4A9BC AS DateTime), N'1', NULL, N'F', N'F')
INSERT [dbo].[UserAccess] ([accessGroupId], [menuId], [groupId], [accessView], [accessCreate], [accessModify], [accessDelete], [active], [createDate], [createBy], [updateDate], [updateBy], [flag], [accessExport], [accessPrint]) VALUES (48, 14, 14, N'F', N'F', N'F', N'F', N'T', CAST(0x0000A08500F4A9BC AS DateTime), N'1', CAST(0x0000A08500F4A9BC AS DateTime), N'1', NULL, N'F', N'F')
INSERT [dbo].[UserAccess] ([accessGroupId], [menuId], [groupId], [accessView], [accessCreate], [accessModify], [accessDelete], [active], [createDate], [createBy], [updateDate], [updateBy], [flag], [accessExport], [accessPrint]) VALUES (49, 2, 14, N'T', N'F', N'F', N'F', N'T', CAST(0x0000A08500F4A9BD AS DateTime), N'1', CAST(0x0000A08500F4A9BD AS DateTime), N'1', NULL, N'F', N'F')
INSERT [dbo].[UserAccess] ([accessGroupId], [menuId], [groupId], [accessView], [accessCreate], [accessModify], [accessDelete], [active], [createDate], [createBy], [updateDate], [updateBy], [flag], [accessExport], [accessPrint]) VALUES (50, 15, 14, N'F', N'F', N'F', N'F', N'T', CAST(0x0000A08500F4A9BD AS DateTime), N'1', CAST(0x0000A08500F4A9BD AS DateTime), N'1', NULL, N'F', N'F')
INSERT [dbo].[UserAccess] ([accessGroupId], [menuId], [groupId], [accessView], [accessCreate], [accessModify], [accessDelete], [active], [createDate], [createBy], [updateDate], [updateBy], [flag], [accessExport], [accessPrint]) VALUES (51, 5, 14, N'T', N'T', N'T', N'T', N'T', CAST(0x0000A08500F4A9BD AS DateTime), N'1', CAST(0x0000A08500F4A9BD AS DateTime), N'1', NULL, N'T', N'T')
INSERT [dbo].[UserAccess] ([accessGroupId], [menuId], [groupId], [accessView], [accessCreate], [accessModify], [accessDelete], [active], [createDate], [createBy], [updateDate], [updateBy], [flag], [accessExport], [accessPrint]) VALUES (52, 3, 14, N'T', N'F', N'F', N'F', N'T', CAST(0x0000A08500F4A9BD AS DateTime), N'1', CAST(0x0000A08500F4A9BD AS DateTime), N'1', NULL, N'F', N'F')
INSERT [dbo].[UserAccess] ([accessGroupId], [menuId], [groupId], [accessView], [accessCreate], [accessModify], [accessDelete], [active], [createDate], [createBy], [updateDate], [updateBy], [flag], [accessExport], [accessPrint]) VALUES (53, 4, 14, N'T', N'F', N'F', N'F', N'T', CAST(0x0000A08500F4A9BD AS DateTime), N'1', CAST(0x0000A08500F4A9BD AS DateTime), N'1', NULL, N'F', N'F')
INSERT [dbo].[UserAccess] ([accessGroupId], [menuId], [groupId], [accessView], [accessCreate], [accessModify], [accessDelete], [active], [createDate], [createBy], [updateDate], [updateBy], [flag], [accessExport], [accessPrint]) VALUES (54, 16, 14, N'T', N'F', N'F', N'F', N'T', CAST(0x0000A08500F4A9BD AS DateTime), N'1', CAST(0x0000A08500F4A9BD AS DateTime), N'1', NULL, N'F', N'F')
INSERT [dbo].[UserAccess] ([accessGroupId], [menuId], [groupId], [accessView], [accessCreate], [accessModify], [accessDelete], [active], [createDate], [createBy], [updateDate], [updateBy], [flag], [accessExport], [accessPrint]) VALUES (55, 1, 18, N'T', N'T', N'T', N'T', N'T', CAST(0x0000A10A01282975 AS DateTime), N'1', CAST(0x0000A10A01282975 AS DateTime), N'1', NULL, N'T', N'T')
INSERT [dbo].[UserAccess] ([accessGroupId], [menuId], [groupId], [accessView], [accessCreate], [accessModify], [accessDelete], [active], [createDate], [createBy], [updateDate], [updateBy], [flag], [accessExport], [accessPrint]) VALUES (56, 17, 18, N'T', N'T', N'T', N'T', N'T', CAST(0x0000A08B00E53317 AS DateTime), N'11', CAST(0x0000A08B00E53317 AS DateTime), N'11', NULL, N'T', N'T')
INSERT [dbo].[UserAccess] ([accessGroupId], [menuId], [groupId], [accessView], [accessCreate], [accessModify], [accessDelete], [active], [createDate], [createBy], [updateDate], [updateBy], [flag], [accessExport], [accessPrint]) VALUES (57, 18, 18, N'F', N'F', N'F', N'F', N'T', CAST(0x0000A10A01281687 AS DateTime), N'1', CAST(0x0000A10A01281687 AS DateTime), N'1', NULL, N'T', N'F')
INSERT [dbo].[UserAccess] ([accessGroupId], [menuId], [groupId], [accessView], [accessCreate], [accessModify], [accessDelete], [active], [createDate], [createBy], [updateDate], [updateBy], [flag], [accessExport], [accessPrint]) VALUES (58, 19, 18, N'F', N'F', N'F', N'F', N'T', CAST(0x0000A08B00E53317 AS DateTime), N'11', CAST(0x0000A08B00E53317 AS DateTime), N'11', NULL, N'F', N'F')
INSERT [dbo].[UserAccess] ([accessGroupId], [menuId], [groupId], [accessView], [accessCreate], [accessModify], [accessDelete], [active], [createDate], [createBy], [updateDate], [updateBy], [flag], [accessExport], [accessPrint]) VALUES (59, 6, 18, N'F', N'F', N'F', N'F', N'T', CAST(0x0000A08B00E53317 AS DateTime), N'11', CAST(0x0000A08B00E53317 AS DateTime), N'11', NULL, N'F', N'F')
INSERT [dbo].[UserAccess] ([accessGroupId], [menuId], [groupId], [accessView], [accessCreate], [accessModify], [accessDelete], [active], [createDate], [createBy], [updateDate], [updateBy], [flag], [accessExport], [accessPrint]) VALUES (60, 7, 18, N'F', N'F', N'F', N'F', N'T', CAST(0x0000A08B00E53317 AS DateTime), N'11', CAST(0x0000A08B00E53317 AS DateTime), N'11', NULL, N'F', N'F')
INSERT [dbo].[UserAccess] ([accessGroupId], [menuId], [groupId], [accessView], [accessCreate], [accessModify], [accessDelete], [active], [createDate], [createBy], [updateDate], [updateBy], [flag], [accessExport], [accessPrint]) VALUES (61, 8, 18, N'F', N'F', N'F', N'F', N'T', CAST(0x0000A08B00E53317 AS DateTime), N'11', CAST(0x0000A08B00E53317 AS DateTime), N'11', NULL, N'F', N'F')
INSERT [dbo].[UserAccess] ([accessGroupId], [menuId], [groupId], [accessView], [accessCreate], [accessModify], [accessDelete], [active], [createDate], [createBy], [updateDate], [updateBy], [flag], [accessExport], [accessPrint]) VALUES (62, 9, 18, N'F', N'F', N'F', N'F', N'T', CAST(0x0000A08B00E53317 AS DateTime), N'11', CAST(0x0000A08B00E53317 AS DateTime), N'11', NULL, N'F', N'F')
INSERT [dbo].[UserAccess] ([accessGroupId], [menuId], [groupId], [accessView], [accessCreate], [accessModify], [accessDelete], [active], [createDate], [createBy], [updateDate], [updateBy], [flag], [accessExport], [accessPrint]) VALUES (63, 10, 18, N'F', N'F', N'F', N'F', N'T', CAST(0x0000A08B00E53317 AS DateTime), N'11', CAST(0x0000A08B00E53317 AS DateTime), N'11', NULL, N'F', N'F')
INSERT [dbo].[UserAccess] ([accessGroupId], [menuId], [groupId], [accessView], [accessCreate], [accessModify], [accessDelete], [active], [createDate], [createBy], [updateDate], [updateBy], [flag], [accessExport], [accessPrint]) VALUES (64, 11, 18, N'F', N'F', N'F', N'F', N'T', CAST(0x0000A08B00E53317 AS DateTime), N'11', CAST(0x0000A08B00E53317 AS DateTime), N'11', NULL, N'F', N'F')
INSERT [dbo].[UserAccess] ([accessGroupId], [menuId], [groupId], [accessView], [accessCreate], [accessModify], [accessDelete], [active], [createDate], [createBy], [updateDate], [updateBy], [flag], [accessExport], [accessPrint]) VALUES (65, 12, 18, N'F', N'F', N'F', N'F', N'T', CAST(0x0000A10A01282976 AS DateTime), N'1', CAST(0x0000A10A01282976 AS DateTime), N'1', NULL, N'F', N'F')
INSERT [dbo].[UserAccess] ([accessGroupId], [menuId], [groupId], [accessView], [accessCreate], [accessModify], [accessDelete], [active], [createDate], [createBy], [updateDate], [updateBy], [flag], [accessExport], [accessPrint]) VALUES (66, 14, 18, N'F', N'F', N'F', N'F', N'T', CAST(0x0000A08B00E53318 AS DateTime), N'11', CAST(0x0000A08B00E53318 AS DateTime), N'11', NULL, N'F', N'F')
INSERT [dbo].[UserAccess] ([accessGroupId], [menuId], [groupId], [accessView], [accessCreate], [accessModify], [accessDelete], [active], [createDate], [createBy], [updateDate], [updateBy], [flag], [accessExport], [accessPrint]) VALUES (67, 2, 18, N'T', N'T', N'T', N'T', N'T', CAST(0x0000A10A01282976 AS DateTime), N'1', CAST(0x0000A10A01282976 AS DateTime), N'1', NULL, N'T', N'T')
INSERT [dbo].[UserAccess] ([accessGroupId], [menuId], [groupId], [accessView], [accessCreate], [accessModify], [accessDelete], [active], [createDate], [createBy], [updateDate], [updateBy], [flag], [accessExport], [accessPrint]) VALUES (68, 15, 18, N'F', N'F', N'F', N'F', N'T', CAST(0x0000A08B00E53318 AS DateTime), N'11', CAST(0x0000A08B00E53318 AS DateTime), N'11', NULL, N'F', N'F')
INSERT [dbo].[UserAccess] ([accessGroupId], [menuId], [groupId], [accessView], [accessCreate], [accessModify], [accessDelete], [active], [createDate], [createBy], [updateDate], [updateBy], [flag], [accessExport], [accessPrint]) VALUES (69, 5, 18, N'F', N'F', N'F', N'F', N'T', CAST(0x0000A08B00E53318 AS DateTime), N'11', CAST(0x0000A08B00E53318 AS DateTime), N'11', NULL, N'F', N'F')
INSERT [dbo].[UserAccess] ([accessGroupId], [menuId], [groupId], [accessView], [accessCreate], [accessModify], [accessDelete], [active], [createDate], [createBy], [updateDate], [updateBy], [flag], [accessExport], [accessPrint]) VALUES (70, 3, 18, N'T', N'T', N'T', N'T', N'T', CAST(0x0000A10A01282976 AS DateTime), N'1', CAST(0x0000A10A01282976 AS DateTime), N'1', NULL, N'T', N'T')
INSERT [dbo].[UserAccess] ([accessGroupId], [menuId], [groupId], [accessView], [accessCreate], [accessModify], [accessDelete], [active], [createDate], [createBy], [updateDate], [updateBy], [flag], [accessExport], [accessPrint]) VALUES (71, 4, 18, N'T', N'T', N'T', N'T', N'T', CAST(0x0000A10A01282976 AS DateTime), N'1', CAST(0x0000A10A01282976 AS DateTime), N'1', NULL, N'T', N'T')
INSERT [dbo].[UserAccess] ([accessGroupId], [menuId], [groupId], [accessView], [accessCreate], [accessModify], [accessDelete], [active], [createDate], [createBy], [updateDate], [updateBy], [flag], [accessExport], [accessPrint]) VALUES (72, 16, 18, N'T', N'T', N'T', N'T', N'T', CAST(0x0000A10A01282975 AS DateTime), N'1', CAST(0x0000A10A01282975 AS DateTime), N'1', NULL, N'T', N'T')
INSERT [dbo].[UserAccess] ([accessGroupId], [menuId], [groupId], [accessView], [accessCreate], [accessModify], [accessDelete], [active], [createDate], [createBy], [updateDate], [updateBy], [flag], [accessExport], [accessPrint]) VALUES (73, 1, 5, N'T', N'F', N'F', N'F', N'T', CAST(0x0000A08B01160F55 AS DateTime), N'1', CAST(0x0000A08B01160F55 AS DateTime), N'1', NULL, N'F', N'F')
INSERT [dbo].[UserAccess] ([accessGroupId], [menuId], [groupId], [accessView], [accessCreate], [accessModify], [accessDelete], [active], [createDate], [createBy], [updateDate], [updateBy], [flag], [accessExport], [accessPrint]) VALUES (74, 17, 5, N'T', N'T', N'T', N'T', N'T', CAST(0x0000A08B01160F55 AS DateTime), N'1', CAST(0x0000A08B01160F55 AS DateTime), N'1', NULL, N'T', N'T')
INSERT [dbo].[UserAccess] ([accessGroupId], [menuId], [groupId], [accessView], [accessCreate], [accessModify], [accessDelete], [active], [createDate], [createBy], [updateDate], [updateBy], [flag], [accessExport], [accessPrint]) VALUES (75, 18, 5, N'T', N'T', N'T', N'T', N'T', CAST(0x0000A08B01160F55 AS DateTime), N'1', CAST(0x0000A08B01160F55 AS DateTime), N'1', NULL, N'T', N'T')
INSERT [dbo].[UserAccess] ([accessGroupId], [menuId], [groupId], [accessView], [accessCreate], [accessModify], [accessDelete], [active], [createDate], [createBy], [updateDate], [updateBy], [flag], [accessExport], [accessPrint]) VALUES (76, 19, 5, N'T', N'T', N'T', N'T', N'T', CAST(0x0000A08B01160F55 AS DateTime), N'1', CAST(0x0000A08B01160F55 AS DateTime), N'1', NULL, N'T', N'T')
INSERT [dbo].[UserAccess] ([accessGroupId], [menuId], [groupId], [accessView], [accessCreate], [accessModify], [accessDelete], [active], [createDate], [createBy], [updateDate], [updateBy], [flag], [accessExport], [accessPrint]) VALUES (77, 6, 5, N'T', N'T', N'T', N'T', N'T', CAST(0x0000A08B01160F55 AS DateTime), N'1', CAST(0x0000A08B01160F55 AS DateTime), N'1', NULL, N'T', N'T')
INSERT [dbo].[UserAccess] ([accessGroupId], [menuId], [groupId], [accessView], [accessCreate], [accessModify], [accessDelete], [active], [createDate], [createBy], [updateDate], [updateBy], [flag], [accessExport], [accessPrint]) VALUES (78, 7, 5, N'T', N'T', N'T', N'T', N'T', CAST(0x0000A08B01160F55 AS DateTime), N'1', CAST(0x0000A08B01160F55 AS DateTime), N'1', NULL, N'T', N'T')
INSERT [dbo].[UserAccess] ([accessGroupId], [menuId], [groupId], [accessView], [accessCreate], [accessModify], [accessDelete], [active], [createDate], [createBy], [updateDate], [updateBy], [flag], [accessExport], [accessPrint]) VALUES (79, 8, 5, N'T', N'T', N'T', N'T', N'T', CAST(0x0000A08B01160F55 AS DateTime), N'1', CAST(0x0000A08B01160F55 AS DateTime), N'1', NULL, N'T', N'T')
INSERT [dbo].[UserAccess] ([accessGroupId], [menuId], [groupId], [accessView], [accessCreate], [accessModify], [accessDelete], [active], [createDate], [createBy], [updateDate], [updateBy], [flag], [accessExport], [accessPrint]) VALUES (80, 9, 5, N'T', N'T', N'T', N'T', N'T', CAST(0x0000A08B01160F55 AS DateTime), N'1', CAST(0x0000A08B01160F55 AS DateTime), N'1', NULL, N'T', N'T')
INSERT [dbo].[UserAccess] ([accessGroupId], [menuId], [groupId], [accessView], [accessCreate], [accessModify], [accessDelete], [active], [createDate], [createBy], [updateDate], [updateBy], [flag], [accessExport], [accessPrint]) VALUES (81, 10, 5, N'T', N'T', N'T', N'T', N'T', CAST(0x0000A08B01160F56 AS DateTime), N'1', CAST(0x0000A08B01160F56 AS DateTime), N'1', NULL, N'T', N'T')
INSERT [dbo].[UserAccess] ([accessGroupId], [menuId], [groupId], [accessView], [accessCreate], [accessModify], [accessDelete], [active], [createDate], [createBy], [updateDate], [updateBy], [flag], [accessExport], [accessPrint]) VALUES (82, 11, 5, N'T', N'T', N'T', N'T', N'T', CAST(0x0000A08B01160F56 AS DateTime), N'1', CAST(0x0000A08B01160F56 AS DateTime), N'1', NULL, N'T', N'T')
INSERT [dbo].[UserAccess] ([accessGroupId], [menuId], [groupId], [accessView], [accessCreate], [accessModify], [accessDelete], [active], [createDate], [createBy], [updateDate], [updateBy], [flag], [accessExport], [accessPrint]) VALUES (83, 12, 5, N'T', N'T', N'T', N'T', N'T', CAST(0x0000A08B01160F56 AS DateTime), N'1', CAST(0x0000A08B01160F56 AS DateTime), N'1', NULL, N'T', N'T')
INSERT [dbo].[UserAccess] ([accessGroupId], [menuId], [groupId], [accessView], [accessCreate], [accessModify], [accessDelete], [active], [createDate], [createBy], [updateDate], [updateBy], [flag], [accessExport], [accessPrint]) VALUES (84, 14, 5, N'T', N'T', N'T', N'T', N'T', CAST(0x0000A08B01160F56 AS DateTime), N'1', CAST(0x0000A08B01160F56 AS DateTime), N'1', NULL, N'T', N'T')
INSERT [dbo].[UserAccess] ([accessGroupId], [menuId], [groupId], [accessView], [accessCreate], [accessModify], [accessDelete], [active], [createDate], [createBy], [updateDate], [updateBy], [flag], [accessExport], [accessPrint]) VALUES (85, 2, 5, N'T', N'F', N'F', N'F', N'T', CAST(0x0000A08B01160F56 AS DateTime), N'1', CAST(0x0000A08B01160F56 AS DateTime), N'1', NULL, N'F', N'F')
INSERT [dbo].[UserAccess] ([accessGroupId], [menuId], [groupId], [accessView], [accessCreate], [accessModify], [accessDelete], [active], [createDate], [createBy], [updateDate], [updateBy], [flag], [accessExport], [accessPrint]) VALUES (86, 15, 5, N'T', N'T', N'T', N'T', N'T', CAST(0x0000A08B01160F56 AS DateTime), N'1', CAST(0x0000A08B01160F56 AS DateTime), N'1', NULL, N'T', N'T')
INSERT [dbo].[UserAccess] ([accessGroupId], [menuId], [groupId], [accessView], [accessCreate], [accessModify], [accessDelete], [active], [createDate], [createBy], [updateDate], [updateBy], [flag], [accessExport], [accessPrint]) VALUES (87, 5, 5, N'T', N'T', N'T', N'T', N'T', CAST(0x0000A08B01160F56 AS DateTime), N'1', CAST(0x0000A08B01160F56 AS DateTime), N'1', NULL, N'T', N'T')
INSERT [dbo].[UserAccess] ([accessGroupId], [menuId], [groupId], [accessView], [accessCreate], [accessModify], [accessDelete], [active], [createDate], [createBy], [updateDate], [updateBy], [flag], [accessExport], [accessPrint]) VALUES (88, 3, 5, N'T', N'F', N'F', N'F', N'T', CAST(0x0000A08B01160F56 AS DateTime), N'1', CAST(0x0000A08B01160F56 AS DateTime), N'1', NULL, N'F', N'F')
INSERT [dbo].[UserAccess] ([accessGroupId], [menuId], [groupId], [accessView], [accessCreate], [accessModify], [accessDelete], [active], [createDate], [createBy], [updateDate], [updateBy], [flag], [accessExport], [accessPrint]) VALUES (89, 4, 5, N'T', N'F', N'F', N'F', N'T', CAST(0x0000A08B01160F56 AS DateTime), N'1', CAST(0x0000A08B01160F56 AS DateTime), N'1', NULL, N'F', N'F')
INSERT [dbo].[UserAccess] ([accessGroupId], [menuId], [groupId], [accessView], [accessCreate], [accessModify], [accessDelete], [active], [createDate], [createBy], [updateDate], [updateBy], [flag], [accessExport], [accessPrint]) VALUES (90, 16, 5, N'T', N'F', N'F', N'F', N'T', CAST(0x0000A08B01160F56 AS DateTime), N'1', CAST(0x0000A08B01160F56 AS DateTime), N'1', NULL, N'F', N'F')
INSERT [dbo].[UserAccess] ([accessGroupId], [menuId], [groupId], [accessView], [accessCreate], [accessModify], [accessDelete], [active], [createDate], [createBy], [updateDate], [updateBy], [flag], [accessExport], [accessPrint]) VALUES (91, 1, 19, N'T', N'F', N'F', N'F', N'T', CAST(0x0000A08B011C7DDA AS DateTime), N'1', CAST(0x0000A08B011C7DDA AS DateTime), N'1', NULL, N'F', N'F')
INSERT [dbo].[UserAccess] ([accessGroupId], [menuId], [groupId], [accessView], [accessCreate], [accessModify], [accessDelete], [active], [createDate], [createBy], [updateDate], [updateBy], [flag], [accessExport], [accessPrint]) VALUES (92, 17, 19, N'T', N'T', N'T', N'T', N'T', CAST(0x0000A08B011C7872 AS DateTime), N'1', CAST(0x0000A08B011C7872 AS DateTime), N'1', NULL, N'T', N'T')
INSERT [dbo].[UserAccess] ([accessGroupId], [menuId], [groupId], [accessView], [accessCreate], [accessModify], [accessDelete], [active], [createDate], [createBy], [updateDate], [updateBy], [flag], [accessExport], [accessPrint]) VALUES (93, 18, 19, N'T', N'T', N'T', N'T', N'T', CAST(0x0000A08B011C7872 AS DateTime), N'1', CAST(0x0000A08B011C7872 AS DateTime), N'1', NULL, N'T', N'T')
INSERT [dbo].[UserAccess] ([accessGroupId], [menuId], [groupId], [accessView], [accessCreate], [accessModify], [accessDelete], [active], [createDate], [createBy], [updateDate], [updateBy], [flag], [accessExport], [accessPrint]) VALUES (94, 19, 19, N'T', N'T', N'T', N'T', N'T', CAST(0x0000A08B011C7872 AS DateTime), N'1', CAST(0x0000A08B011C7872 AS DateTime), N'1', NULL, N'T', N'T')
INSERT [dbo].[UserAccess] ([accessGroupId], [menuId], [groupId], [accessView], [accessCreate], [accessModify], [accessDelete], [active], [createDate], [createBy], [updateDate], [updateBy], [flag], [accessExport], [accessPrint]) VALUES (95, 6, 19, N'T', N'T', N'T', N'T', N'T', CAST(0x0000A08B011C7872 AS DateTime), N'1', CAST(0x0000A08B011C7872 AS DateTime), N'1', NULL, N'T', N'T')
INSERT [dbo].[UserAccess] ([accessGroupId], [menuId], [groupId], [accessView], [accessCreate], [accessModify], [accessDelete], [active], [createDate], [createBy], [updateDate], [updateBy], [flag], [accessExport], [accessPrint]) VALUES (96, 7, 19, N'T', N'T', N'T', N'T', N'T', CAST(0x0000A08B011C7872 AS DateTime), N'1', CAST(0x0000A08B011C7872 AS DateTime), N'1', NULL, N'T', N'T')
INSERT [dbo].[UserAccess] ([accessGroupId], [menuId], [groupId], [accessView], [accessCreate], [accessModify], [accessDelete], [active], [createDate], [createBy], [updateDate], [updateBy], [flag], [accessExport], [accessPrint]) VALUES (97, 8, 19, N'T', N'T', N'T', N'T', N'T', CAST(0x0000A08B011C7872 AS DateTime), N'1', CAST(0x0000A08B011C7872 AS DateTime), N'1', NULL, N'T', N'T')
INSERT [dbo].[UserAccess] ([accessGroupId], [menuId], [groupId], [accessView], [accessCreate], [accessModify], [accessDelete], [active], [createDate], [createBy], [updateDate], [updateBy], [flag], [accessExport], [accessPrint]) VALUES (98, 9, 19, N'T', N'T', N'T', N'T', N'T', CAST(0x0000A08B011C7872 AS DateTime), N'1', CAST(0x0000A08B011C7872 AS DateTime), N'1', NULL, N'T', N'T')
INSERT [dbo].[UserAccess] ([accessGroupId], [menuId], [groupId], [accessView], [accessCreate], [accessModify], [accessDelete], [active], [createDate], [createBy], [updateDate], [updateBy], [flag], [accessExport], [accessPrint]) VALUES (99, 10, 19, N'T', N'T', N'T', N'T', N'T', CAST(0x0000A08B011C7872 AS DateTime), N'1', CAST(0x0000A08B011C7872 AS DateTime), N'1', NULL, N'T', N'T')
INSERT [dbo].[UserAccess] ([accessGroupId], [menuId], [groupId], [accessView], [accessCreate], [accessModify], [accessDelete], [active], [createDate], [createBy], [updateDate], [updateBy], [flag], [accessExport], [accessPrint]) VALUES (100, 11, 19, N'T', N'T', N'T', N'T', N'T', CAST(0x0000A08B011C7872 AS DateTime), N'1', CAST(0x0000A08B011C7872 AS DateTime), N'1', NULL, N'T', N'T')
INSERT [dbo].[UserAccess] ([accessGroupId], [menuId], [groupId], [accessView], [accessCreate], [accessModify], [accessDelete], [active], [createDate], [createBy], [updateDate], [updateBy], [flag], [accessExport], [accessPrint]) VALUES (101, 12, 19, N'T', N'T', N'T', N'T', N'T', CAST(0x0000A08B011C7872 AS DateTime), N'1', CAST(0x0000A08B011C7872 AS DateTime), N'1', NULL, N'T', N'T')
INSERT [dbo].[UserAccess] ([accessGroupId], [menuId], [groupId], [accessView], [accessCreate], [accessModify], [accessDelete], [active], [createDate], [createBy], [updateDate], [updateBy], [flag], [accessExport], [accessPrint]) VALUES (102, 14, 19, N'T', N'T', N'T', N'T', N'T', CAST(0x0000A08B011C7872 AS DateTime), N'1', CAST(0x0000A08B011C7872 AS DateTime), N'1', NULL, N'T', N'T')
GO
print 'Processed 100 total records'
INSERT [dbo].[UserAccess] ([accessGroupId], [menuId], [groupId], [accessView], [accessCreate], [accessModify], [accessDelete], [active], [createDate], [createBy], [updateDate], [updateBy], [flag], [accessExport], [accessPrint]) VALUES (103, 2, 19, N'T', N'F', N'F', N'F', N'T', CAST(0x0000A08B011C7DDA AS DateTime), N'1', CAST(0x0000A08B011C7DDA AS DateTime), N'1', NULL, N'F', N'F')
INSERT [dbo].[UserAccess] ([accessGroupId], [menuId], [groupId], [accessView], [accessCreate], [accessModify], [accessDelete], [active], [createDate], [createBy], [updateDate], [updateBy], [flag], [accessExport], [accessPrint]) VALUES (104, 15, 19, N'T', N'T', N'T', N'T', N'T', CAST(0x0000A08B011C7872 AS DateTime), N'1', CAST(0x0000A08B011C7872 AS DateTime), N'1', NULL, N'T', N'T')
INSERT [dbo].[UserAccess] ([accessGroupId], [menuId], [groupId], [accessView], [accessCreate], [accessModify], [accessDelete], [active], [createDate], [createBy], [updateDate], [updateBy], [flag], [accessExport], [accessPrint]) VALUES (105, 5, 19, N'T', N'T', N'T', N'T', N'T', CAST(0x0000A08B011C7872 AS DateTime), N'1', CAST(0x0000A08B011C7872 AS DateTime), N'1', NULL, N'T', N'T')
INSERT [dbo].[UserAccess] ([accessGroupId], [menuId], [groupId], [accessView], [accessCreate], [accessModify], [accessDelete], [active], [createDate], [createBy], [updateDate], [updateBy], [flag], [accessExport], [accessPrint]) VALUES (106, 3, 19, N'T', N'F', N'F', N'F', N'T', CAST(0x0000A08B011C7DDB AS DateTime), N'1', CAST(0x0000A08B011C7DDB AS DateTime), N'1', NULL, N'F', N'F')
INSERT [dbo].[UserAccess] ([accessGroupId], [menuId], [groupId], [accessView], [accessCreate], [accessModify], [accessDelete], [active], [createDate], [createBy], [updateDate], [updateBy], [flag], [accessExport], [accessPrint]) VALUES (107, 4, 19, N'T', N'F', N'F', N'F', N'T', CAST(0x0000A08B011C7DDB AS DateTime), N'1', CAST(0x0000A08B011C7DDB AS DateTime), N'1', NULL, N'F', N'F')
INSERT [dbo].[UserAccess] ([accessGroupId], [menuId], [groupId], [accessView], [accessCreate], [accessModify], [accessDelete], [active], [createDate], [createBy], [updateDate], [updateBy], [flag], [accessExport], [accessPrint]) VALUES (108, 16, 19, N'T', N'F', N'F', N'F', N'T', CAST(0x0000A08B011C7DDB AS DateTime), N'1', CAST(0x0000A08B011C7DDB AS DateTime), N'1', NULL, N'F', N'F')
INSERT [dbo].[UserAccess] ([accessGroupId], [menuId], [groupId], [accessView], [accessCreate], [accessModify], [accessDelete], [active], [createDate], [createBy], [updateDate], [updateBy], [flag], [accessExport], [accessPrint]) VALUES (109, 1, 3, N'T', N'F', N'F', N'F', N'T', CAST(0x0000A08C00EBA797 AS DateTime), N'1', CAST(0x0000A08C00EBA797 AS DateTime), N'1', NULL, N'F', N'F')
INSERT [dbo].[UserAccess] ([accessGroupId], [menuId], [groupId], [accessView], [accessCreate], [accessModify], [accessDelete], [active], [createDate], [createBy], [updateDate], [updateBy], [flag], [accessExport], [accessPrint]) VALUES (110, 17, 3, N'F', N'F', N'F', N'F', N'T', CAST(0x0000A08C00E4E8C1 AS DateTime), N'1', CAST(0x0000A08C00E4E8C1 AS DateTime), N'1', NULL, N'F', N'F')
INSERT [dbo].[UserAccess] ([accessGroupId], [menuId], [groupId], [accessView], [accessCreate], [accessModify], [accessDelete], [active], [createDate], [createBy], [updateDate], [updateBy], [flag], [accessExport], [accessPrint]) VALUES (111, 18, 3, N'F', N'F', N'F', N'F', N'T', CAST(0x0000A08C00EB33F9 AS DateTime), N'1', CAST(0x0000A08C00EB33F9 AS DateTime), N'1', NULL, N'F', N'F')
INSERT [dbo].[UserAccess] ([accessGroupId], [menuId], [groupId], [accessView], [accessCreate], [accessModify], [accessDelete], [active], [createDate], [createBy], [updateDate], [updateBy], [flag], [accessExport], [accessPrint]) VALUES (112, 19, 3, N'F', N'F', N'F', N'F', N'T', CAST(0x0000A08C00EB33F9 AS DateTime), N'1', CAST(0x0000A08C00EB33F9 AS DateTime), N'1', NULL, N'F', N'F')
INSERT [dbo].[UserAccess] ([accessGroupId], [menuId], [groupId], [accessView], [accessCreate], [accessModify], [accessDelete], [active], [createDate], [createBy], [updateDate], [updateBy], [flag], [accessExport], [accessPrint]) VALUES (113, 6, 3, N'F', N'F', N'F', N'F', N'T', CAST(0x0000A08C00E4E8C1 AS DateTime), N'1', CAST(0x0000A08C00E4E8C1 AS DateTime), N'1', NULL, N'F', N'F')
INSERT [dbo].[UserAccess] ([accessGroupId], [menuId], [groupId], [accessView], [accessCreate], [accessModify], [accessDelete], [active], [createDate], [createBy], [updateDate], [updateBy], [flag], [accessExport], [accessPrint]) VALUES (114, 7, 3, N'F', N'F', N'F', N'F', N'T', CAST(0x0000A08C00E4E8C1 AS DateTime), N'1', CAST(0x0000A08C00E4E8C1 AS DateTime), N'1', NULL, N'F', N'F')
INSERT [dbo].[UserAccess] ([accessGroupId], [menuId], [groupId], [accessView], [accessCreate], [accessModify], [accessDelete], [active], [createDate], [createBy], [updateDate], [updateBy], [flag], [accessExport], [accessPrint]) VALUES (115, 8, 3, N'F', N'F', N'F', N'F', N'T', CAST(0x0000A08C00E4E8C1 AS DateTime), N'1', CAST(0x0000A08C00E4E8C1 AS DateTime), N'1', NULL, N'F', N'F')
INSERT [dbo].[UserAccess] ([accessGroupId], [menuId], [groupId], [accessView], [accessCreate], [accessModify], [accessDelete], [active], [createDate], [createBy], [updateDate], [updateBy], [flag], [accessExport], [accessPrint]) VALUES (116, 9, 3, N'F', N'F', N'F', N'F', N'T', CAST(0x0000A08C00EB33F9 AS DateTime), N'1', CAST(0x0000A08C00EB33F9 AS DateTime), N'1', NULL, N'F', N'F')
INSERT [dbo].[UserAccess] ([accessGroupId], [menuId], [groupId], [accessView], [accessCreate], [accessModify], [accessDelete], [active], [createDate], [createBy], [updateDate], [updateBy], [flag], [accessExport], [accessPrint]) VALUES (117, 10, 3, N'F', N'F', N'F', N'F', N'T', CAST(0x0000A08C00E4E8C1 AS DateTime), N'1', CAST(0x0000A08C00E4E8C1 AS DateTime), N'1', NULL, N'F', N'F')
INSERT [dbo].[UserAccess] ([accessGroupId], [menuId], [groupId], [accessView], [accessCreate], [accessModify], [accessDelete], [active], [createDate], [createBy], [updateDate], [updateBy], [flag], [accessExport], [accessPrint]) VALUES (118, 11, 3, N'F', N'F', N'F', N'F', N'T', CAST(0x0000A08C00E4E8C1 AS DateTime), N'1', CAST(0x0000A08C00E4E8C1 AS DateTime), N'1', NULL, N'F', N'F')
INSERT [dbo].[UserAccess] ([accessGroupId], [menuId], [groupId], [accessView], [accessCreate], [accessModify], [accessDelete], [active], [createDate], [createBy], [updateDate], [updateBy], [flag], [accessExport], [accessPrint]) VALUES (119, 12, 3, N'F', N'F', N'F', N'F', N'T', CAST(0x0000A08C00EB33F9 AS DateTime), N'1', CAST(0x0000A08C00EB33F9 AS DateTime), N'1', NULL, N'F', N'F')
INSERT [dbo].[UserAccess] ([accessGroupId], [menuId], [groupId], [accessView], [accessCreate], [accessModify], [accessDelete], [active], [createDate], [createBy], [updateDate], [updateBy], [flag], [accessExport], [accessPrint]) VALUES (120, 14, 3, N'F', N'F', N'F', N'F', N'T', CAST(0x0000A08C00EB33FA AS DateTime), N'1', CAST(0x0000A08C00EB33FA AS DateTime), N'1', NULL, N'F', N'F')
INSERT [dbo].[UserAccess] ([accessGroupId], [menuId], [groupId], [accessView], [accessCreate], [accessModify], [accessDelete], [active], [createDate], [createBy], [updateDate], [updateBy], [flag], [accessExport], [accessPrint]) VALUES (121, 2, 3, N'T', N'F', N'F', N'F', N'T', CAST(0x0000A08C00EBA797 AS DateTime), N'1', CAST(0x0000A08C00EBA797 AS DateTime), N'1', NULL, N'F', N'F')
INSERT [dbo].[UserAccess] ([accessGroupId], [menuId], [groupId], [accessView], [accessCreate], [accessModify], [accessDelete], [active], [createDate], [createBy], [updateDate], [updateBy], [flag], [accessExport], [accessPrint]) VALUES (122, 15, 3, N'F', N'F', N'F', N'F', N'T', CAST(0x0000A08C00E4E8C2 AS DateTime), N'1', CAST(0x0000A08C00E4E8C2 AS DateTime), N'1', NULL, N'F', N'F')
INSERT [dbo].[UserAccess] ([accessGroupId], [menuId], [groupId], [accessView], [accessCreate], [accessModify], [accessDelete], [active], [createDate], [createBy], [updateDate], [updateBy], [flag], [accessExport], [accessPrint]) VALUES (123, 5, 3, N'F', N'F', N'F', N'F', N'T', CAST(0x0000A08C00E4E8C2 AS DateTime), N'1', CAST(0x0000A08C00E4E8C2 AS DateTime), N'1', NULL, N'F', N'F')
INSERT [dbo].[UserAccess] ([accessGroupId], [menuId], [groupId], [accessView], [accessCreate], [accessModify], [accessDelete], [active], [createDate], [createBy], [updateDate], [updateBy], [flag], [accessExport], [accessPrint]) VALUES (124, 3, 3, N'T', N'F', N'F', N'F', N'T', CAST(0x0000A08C00EBA797 AS DateTime), N'1', CAST(0x0000A08C00EBA797 AS DateTime), N'1', NULL, N'F', N'F')
INSERT [dbo].[UserAccess] ([accessGroupId], [menuId], [groupId], [accessView], [accessCreate], [accessModify], [accessDelete], [active], [createDate], [createBy], [updateDate], [updateBy], [flag], [accessExport], [accessPrint]) VALUES (125, 4, 3, N'T', N'F', N'F', N'F', N'T', CAST(0x0000A08C00EBA797 AS DateTime), N'1', CAST(0x0000A08C00EBA797 AS DateTime), N'1', NULL, N'F', N'F')
INSERT [dbo].[UserAccess] ([accessGroupId], [menuId], [groupId], [accessView], [accessCreate], [accessModify], [accessDelete], [active], [createDate], [createBy], [updateDate], [updateBy], [flag], [accessExport], [accessPrint]) VALUES (126, 16, 3, N'T', N'F', N'F', N'F', N'T', CAST(0x0000A08C00EBA797 AS DateTime), N'1', CAST(0x0000A08C00EBA797 AS DateTime), N'1', NULL, N'F', N'F')
INSERT [dbo].[UserAccess] ([accessGroupId], [menuId], [groupId], [accessView], [accessCreate], [accessModify], [accessDelete], [active], [createDate], [createBy], [updateDate], [updateBy], [flag], [accessExport], [accessPrint]) VALUES (127, 1, 4, N'T', N'F', N'F', N'F', N'T', CAST(0x0000A08C010E013A AS DateTime), N'1', CAST(0x0000A08C010E013A AS DateTime), N'1', NULL, N'F', N'F')
INSERT [dbo].[UserAccess] ([accessGroupId], [menuId], [groupId], [accessView], [accessCreate], [accessModify], [accessDelete], [active], [createDate], [createBy], [updateDate], [updateBy], [flag], [accessExport], [accessPrint]) VALUES (128, 17, 4, N'F', N'F', N'F', N'F', N'T', CAST(0x0000A08C00EAABCB AS DateTime), N'1', CAST(0x0000A08C00EAABCB AS DateTime), N'1', NULL, N'F', N'F')
INSERT [dbo].[UserAccess] ([accessGroupId], [menuId], [groupId], [accessView], [accessCreate], [accessModify], [accessDelete], [active], [createDate], [createBy], [updateDate], [updateBy], [flag], [accessExport], [accessPrint]) VALUES (129, 18, 4, N'F', N'F', N'F', N'F', N'T', CAST(0x0000A08C00EAABCB AS DateTime), N'1', CAST(0x0000A08C00EAABCB AS DateTime), N'1', NULL, N'F', N'F')
INSERT [dbo].[UserAccess] ([accessGroupId], [menuId], [groupId], [accessView], [accessCreate], [accessModify], [accessDelete], [active], [createDate], [createBy], [updateDate], [updateBy], [flag], [accessExport], [accessPrint]) VALUES (130, 19, 4, N'F', N'F', N'F', N'F', N'T', CAST(0x0000A08C00EAABCB AS DateTime), N'1', CAST(0x0000A08C00EAABCB AS DateTime), N'1', NULL, N'F', N'F')
INSERT [dbo].[UserAccess] ([accessGroupId], [menuId], [groupId], [accessView], [accessCreate], [accessModify], [accessDelete], [active], [createDate], [createBy], [updateDate], [updateBy], [flag], [accessExport], [accessPrint]) VALUES (131, 6, 4, N'F', N'F', N'F', N'F', N'T', CAST(0x0000A08C00EAABCB AS DateTime), N'1', CAST(0x0000A08C00EAABCB AS DateTime), N'1', NULL, N'F', N'F')
INSERT [dbo].[UserAccess] ([accessGroupId], [menuId], [groupId], [accessView], [accessCreate], [accessModify], [accessDelete], [active], [createDate], [createBy], [updateDate], [updateBy], [flag], [accessExport], [accessPrint]) VALUES (132, 7, 4, N'F', N'F', N'F', N'F', N'T', CAST(0x0000A08C00EAABCB AS DateTime), N'1', CAST(0x0000A08C00EAABCB AS DateTime), N'1', NULL, N'F', N'F')
INSERT [dbo].[UserAccess] ([accessGroupId], [menuId], [groupId], [accessView], [accessCreate], [accessModify], [accessDelete], [active], [createDate], [createBy], [updateDate], [updateBy], [flag], [accessExport], [accessPrint]) VALUES (133, 8, 4, N'F', N'F', N'F', N'F', N'T', CAST(0x0000A08C00EAABCB AS DateTime), N'1', CAST(0x0000A08C00EAABCB AS DateTime), N'1', NULL, N'F', N'F')
INSERT [dbo].[UserAccess] ([accessGroupId], [menuId], [groupId], [accessView], [accessCreate], [accessModify], [accessDelete], [active], [createDate], [createBy], [updateDate], [updateBy], [flag], [accessExport], [accessPrint]) VALUES (134, 9, 4, N'F', N'F', N'F', N'F', N'T', CAST(0x0000A08C00EAABCB AS DateTime), N'1', CAST(0x0000A08C00EAABCB AS DateTime), N'1', NULL, N'F', N'F')
INSERT [dbo].[UserAccess] ([accessGroupId], [menuId], [groupId], [accessView], [accessCreate], [accessModify], [accessDelete], [active], [createDate], [createBy], [updateDate], [updateBy], [flag], [accessExport], [accessPrint]) VALUES (135, 10, 4, N'F', N'F', N'F', N'F', N'T', CAST(0x0000A08C01091EEA AS DateTime), N'1', CAST(0x0000A08C01091EEA AS DateTime), N'1', NULL, N'F', N'F')
INSERT [dbo].[UserAccess] ([accessGroupId], [menuId], [groupId], [accessView], [accessCreate], [accessModify], [accessDelete], [active], [createDate], [createBy], [updateDate], [updateBy], [flag], [accessExport], [accessPrint]) VALUES (136, 11, 4, N'F', N'F', N'F', N'F', N'T', CAST(0x0000A08C00EAABCB AS DateTime), N'1', CAST(0x0000A08C00EAABCB AS DateTime), N'1', NULL, N'F', N'F')
INSERT [dbo].[UserAccess] ([accessGroupId], [menuId], [groupId], [accessView], [accessCreate], [accessModify], [accessDelete], [active], [createDate], [createBy], [updateDate], [updateBy], [flag], [accessExport], [accessPrint]) VALUES (137, 12, 4, N'F', N'F', N'F', N'F', N'T', CAST(0x0000A08C00EAABCB AS DateTime), N'1', CAST(0x0000A08C00EAABCB AS DateTime), N'1', NULL, N'F', N'F')
INSERT [dbo].[UserAccess] ([accessGroupId], [menuId], [groupId], [accessView], [accessCreate], [accessModify], [accessDelete], [active], [createDate], [createBy], [updateDate], [updateBy], [flag], [accessExport], [accessPrint]) VALUES (138, 14, 4, N'F', N'F', N'F', N'F', N'T', CAST(0x0000A08C00EAABCB AS DateTime), N'1', CAST(0x0000A08C00EAABCB AS DateTime), N'1', NULL, N'F', N'F')
INSERT [dbo].[UserAccess] ([accessGroupId], [menuId], [groupId], [accessView], [accessCreate], [accessModify], [accessDelete], [active], [createDate], [createBy], [updateDate], [updateBy], [flag], [accessExport], [accessPrint]) VALUES (139, 2, 4, N'T', N'F', N'F', N'F', N'T', CAST(0x0000A08C010E013A AS DateTime), N'1', CAST(0x0000A08C010E013A AS DateTime), N'1', NULL, N'F', N'F')
INSERT [dbo].[UserAccess] ([accessGroupId], [menuId], [groupId], [accessView], [accessCreate], [accessModify], [accessDelete], [active], [createDate], [createBy], [updateDate], [updateBy], [flag], [accessExport], [accessPrint]) VALUES (140, 15, 4, N'F', N'F', N'F', N'F', N'T', CAST(0x0000A08C00EAABCB AS DateTime), N'1', CAST(0x0000A08C00EAABCB AS DateTime), N'1', NULL, N'F', N'F')
INSERT [dbo].[UserAccess] ([accessGroupId], [menuId], [groupId], [accessView], [accessCreate], [accessModify], [accessDelete], [active], [createDate], [createBy], [updateDate], [updateBy], [flag], [accessExport], [accessPrint]) VALUES (141, 5, 4, N'F', N'F', N'F', N'F', N'T', CAST(0x0000A08C00EAABCB AS DateTime), N'1', CAST(0x0000A08C00EAABCB AS DateTime), N'1', NULL, N'F', N'F')
INSERT [dbo].[UserAccess] ([accessGroupId], [menuId], [groupId], [accessView], [accessCreate], [accessModify], [accessDelete], [active], [createDate], [createBy], [updateDate], [updateBy], [flag], [accessExport], [accessPrint]) VALUES (142, 3, 4, N'T', N'F', N'F', N'F', N'T', CAST(0x0000A08C010E013A AS DateTime), N'1', CAST(0x0000A08C010E013A AS DateTime), N'1', NULL, N'F', N'F')
INSERT [dbo].[UserAccess] ([accessGroupId], [menuId], [groupId], [accessView], [accessCreate], [accessModify], [accessDelete], [active], [createDate], [createBy], [updateDate], [updateBy], [flag], [accessExport], [accessPrint]) VALUES (143, 4, 4, N'T', N'F', N'F', N'F', N'T', CAST(0x0000A08C010E013A AS DateTime), N'1', CAST(0x0000A08C010E013A AS DateTime), N'1', NULL, N'F', N'F')
INSERT [dbo].[UserAccess] ([accessGroupId], [menuId], [groupId], [accessView], [accessCreate], [accessModify], [accessDelete], [active], [createDate], [createBy], [updateDate], [updateBy], [flag], [accessExport], [accessPrint]) VALUES (144, 16, 4, N'T', N'F', N'F', N'F', N'T', CAST(0x0000A08C010E013A AS DateTime), N'1', CAST(0x0000A08C010E013A AS DateTime), N'1', NULL, N'F', N'F')
INSERT [dbo].[UserAccess] ([accessGroupId], [menuId], [groupId], [accessView], [accessCreate], [accessModify], [accessDelete], [active], [createDate], [createBy], [updateDate], [updateBy], [flag], [accessExport], [accessPrint]) VALUES (145, 21, 1, N'T', N'T', N'T', N'T', N'T', CAST(0x0000A09300C288CF AS DateTime), N'1', CAST(0x0000A09300C288CF AS DateTime), N'1', NULL, N'T', N'T')
INSERT [dbo].[UserAccess] ([accessGroupId], [menuId], [groupId], [accessView], [accessCreate], [accessModify], [accessDelete], [active], [createDate], [createBy], [updateDate], [updateBy], [flag], [accessExport], [accessPrint]) VALUES (147, 23, 1, N'T', N'T', N'T', N'T', N'T', CAST(0x0000A09300C288CF AS DateTime), N'1', CAST(0x0000A09300C288CF AS DateTime), N'1', NULL, N'T', N'T')
INSERT [dbo].[UserAccess] ([accessGroupId], [menuId], [groupId], [accessView], [accessCreate], [accessModify], [accessDelete], [active], [createDate], [createBy], [updateDate], [updateBy], [flag], [accessExport], [accessPrint]) VALUES (148, 24, 1, N'F', N'F', N'F', N'T', N'T', CAST(0x0000A27D01007B62 AS DateTime), N'1', CAST(0x0000A27D01007B62 AS DateTime), N'1', NULL, N'T', N'T')
INSERT [dbo].[UserAccess] ([accessGroupId], [menuId], [groupId], [accessView], [accessCreate], [accessModify], [accessDelete], [active], [createDate], [createBy], [updateDate], [updateBy], [flag], [accessExport], [accessPrint]) VALUES (152, 25, 1, N'F', N'T', N'T', N'T', N'T', CAST(0x0000A27D01009253 AS DateTime), N'1', CAST(0x0000A27D01009253 AS DateTime), N'1', NULL, N'T', N'T')
INSERT [dbo].[UserAccess] ([accessGroupId], [menuId], [groupId], [accessView], [accessCreate], [accessModify], [accessDelete], [active], [createDate], [createBy], [updateDate], [updateBy], [flag], [accessExport], [accessPrint]) VALUES (153, 21, 18, N'F', N'F', N'F', N'F', N'T', CAST(0x0000A10A01281687 AS DateTime), N'1', CAST(0x0000A10A01281687 AS DateTime), N'1', NULL, N'F', N'F')
INSERT [dbo].[UserAccess] ([accessGroupId], [menuId], [groupId], [accessView], [accessCreate], [accessModify], [accessDelete], [active], [createDate], [createBy], [updateDate], [updateBy], [flag], [accessExport], [accessPrint]) VALUES (154, 23, 18, N'F', N'F', N'F', N'F', N'T', CAST(0x0000A10A01281689 AS DateTime), N'1', CAST(0x0000A10A01281689 AS DateTime), N'1', NULL, N'F', N'F')
INSERT [dbo].[UserAccess] ([accessGroupId], [menuId], [groupId], [accessView], [accessCreate], [accessModify], [accessDelete], [active], [createDate], [createBy], [updateDate], [updateBy], [flag], [accessExport], [accessPrint]) VALUES (155, 26, 1, N'T', N'T', N'F', N'F', N'T', CAST(0x0000A27D01007B62 AS DateTime), N'1', CAST(0x0000A27D01007B62 AS DateTime), N'1', NULL, N'T', N'T')
INSERT [dbo].[UserAccess] ([accessGroupId], [menuId], [groupId], [accessView], [accessCreate], [accessModify], [accessDelete], [active], [createDate], [createBy], [updateDate], [updateBy], [flag], [accessExport], [accessPrint]) VALUES (156, 27, 1, N'T', N'T', N'F', N'F', N'T', CAST(0x0000A27D01007B63 AS DateTime), N'1', CAST(0x0000A27D01007B63 AS DateTime), N'1', NULL, N'T', N'T')
INSERT [dbo].[UserAccess] ([accessGroupId], [menuId], [groupId], [accessView], [accessCreate], [accessModify], [accessDelete], [active], [createDate], [createBy], [updateDate], [updateBy], [flag], [accessExport], [accessPrint]) VALUES (157, 28, 1, N'T', N'T', N'F', N'F', N'T', CAST(0x0000A27D01007B63 AS DateTime), N'1', CAST(0x0000A27D01007B63 AS DateTime), N'1', NULL, N'T', N'T')
INSERT [dbo].[UserAccess] ([accessGroupId], [menuId], [groupId], [accessView], [accessCreate], [accessModify], [accessDelete], [active], [createDate], [createBy], [updateDate], [updateBy], [flag], [accessExport], [accessPrint]) VALUES (158, 29, 1, N'T', N'T', N'F', N'F', N'T', CAST(0x0000A27D01007B63 AS DateTime), N'1', CAST(0x0000A27D01007B63 AS DateTime), N'1', NULL, N'T', N'T')
INSERT [dbo].[UserAccess] ([accessGroupId], [menuId], [groupId], [accessView], [accessCreate], [accessModify], [accessDelete], [active], [createDate], [createBy], [updateDate], [updateBy], [flag], [accessExport], [accessPrint]) VALUES (159, 30, 1, N'T', N'T', N'F', N'F', N'T', CAST(0x0000A27D01007B63 AS DateTime), N'1', CAST(0x0000A27D01007B63 AS DateTime), N'1', NULL, N'T', N'T')
INSERT [dbo].[UserAccess] ([accessGroupId], [menuId], [groupId], [accessView], [accessCreate], [accessModify], [accessDelete], [active], [createDate], [createBy], [updateDate], [updateBy], [flag], [accessExport], [accessPrint]) VALUES (160, 31, 1, N'T', N'F', N'F', N'F', N'T', CAST(0x0000A27D0101BB54 AS DateTime), N'1', CAST(0x0000A27D0101BB54 AS DateTime), N'1', NULL, N'T', N'T')
INSERT [dbo].[UserAccess] ([accessGroupId], [menuId], [groupId], [accessView], [accessCreate], [accessModify], [accessDelete], [active], [createDate], [createBy], [updateDate], [updateBy], [flag], [accessExport], [accessPrint]) VALUES (161, 32, 1, N'T', N'T', N'T', N'T', N'T', NULL, N'Buff', NULL, NULL, NULL, N'T', N'T')
INSERT [dbo].[UserAccess] ([accessGroupId], [menuId], [groupId], [accessView], [accessCreate], [accessModify], [accessDelete], [active], [createDate], [createBy], [updateDate], [updateBy], [flag], [accessExport], [accessPrint]) VALUES (162, 33, 1, N'T', N'T', N'T', N'T', N'T', NULL, N'Buff', NULL, NULL, NULL, N'T', N'T')
SET IDENTITY_INSERT [dbo].[UserAccess] OFF
/****** Object:  Table [dbo].[User]    Script Date: 11/21/2013 16:55:04 ******/
SET ANSI_NULLS ON
GO
SET QUOTED_IDENTIFIER ON
GO
SET ANSI_PADDING ON
GO
CREATE TABLE [dbo].[User](
	[userId] [int] IDENTITY(1,1) NOT NULL,
	[username] [varchar](100) NULL,
	[fullname] [varchar](100) NULL,
	[password] [varchar](100) NULL,
	[email] [varchar](100) NULL,
	[endPointId] [varchar](100) NULL,
	[userGroupId] [int] NULL,
	[active] [char](1) NULL,
	[createDate] [datetime] NULL,
	[createBy] [varchar](100) NULL,
	[updateDate] [datetime] NULL,
	[updateBy] [varchar](100) NULL,
	[flag] [varchar](100) NULL,
 CONSTRAINT [PK_User] PRIMARY KEY CLUSTERED 
(
	[userId] ASC
)WITH (PAD_INDEX  = OFF, STATISTICS_NORECOMPUTE  = OFF, IGNORE_DUP_KEY = OFF, ALLOW_ROW_LOCKS  = ON, ALLOW_PAGE_LOCKS  = ON) ON [PRIMARY]
) ON [PRIMARY]
GO
SET ANSI_PADDING OFF
GO
SET IDENTITY_INSERT [dbo].[User] ON
INSERT [dbo].[User] ([userId], [username], [fullname], [password], [email], [endPointId], [userGroupId], [active], [createDate], [createBy], [updateDate], [updateBy], [flag]) VALUES (1, N'admin', N'administrator', N'21232f297a57a5a743894a0e4a801fc3', N'admin', N'1', 1, N'T', CAST(0x00009FCB00000000 AS DateTime), N'1', CAST(0x0000A0BE00C98CEE AS DateTime), N'1', N'T')
INSERT [dbo].[User] ([userId], [username], [fullname], [password], [email], [endPointId], [userGroupId], [active], [createDate], [createBy], [updateDate], [updateBy], [flag]) VALUES (4, N'siwakorn.y', N'SiwakornYungfoung', N'd41d8cd98f00b204e9800998ecf8427e', N'tum55_siw@hotmail.coom', NULL, 1, N'T', CAST(0x0000A07B00A3B7E8 AS DateTime), N'36', CAST(0x0000A08C00A71C1A AS DateTime), N'11', NULL)
INSERT [dbo].[User] ([userId], [username], [fullname], [password], [email], [endPointId], [userGroupId], [active], [createDate], [createBy], [updateDate], [updateBy], [flag]) VALUES (7, N'hipkingdom', N'Hipkingdom', N'5f4dcc3b5aa765d61d8327deb882cf99', N'hipking_dom@Hot.com', NULL, 19, N'T', CAST(0x0000A083010BEEEE AS DateTime), N'1', CAST(0x0000A08B01162BAC AS DateTime), N'1', NULL)
INSERT [dbo].[User] ([userId], [username], [fullname], [password], [email], [endPointId], [userGroupId], [active], [createDate], [createBy], [updateDate], [updateBy], [flag]) VALUES (8, N'patipat', N'Patipat', N'5f4dcc3b5aa765d61d8327deb882cf99', N'Patipat_55@hot.com', NULL, 1, N'T', CAST(0x0000A083012720B6 AS DateTime), N'7', CAST(0x0000A0830127B358 AS DateTime), N'1', NULL)
INSERT [dbo].[User] ([userId], [username], [fullname], [password], [email], [endPointId], [userGroupId], [active], [createDate], [createBy], [updateDate], [updateBy], [flag]) VALUES (10, N'truetouch', N'truetouch', N'0f359740bd1cda994f8b55330c86d845', N'truetouch@st.com', NULL, 13, N'T', CAST(0x0000A08401026284 AS DateTime), N'1', CAST(0x0000A0BD01234835 AS DateTime), N'1', NULL)
INSERT [dbo].[User] ([userId], [username], [fullname], [password], [email], [endPointId], [userGroupId], [active], [createDate], [createBy], [updateDate], [updateBy], [flag]) VALUES (18, N'suphasiri', N'suphasiri', N'5f4dcc3b5aa765d61d8327deb882cf99', N'suphasiri@hotmail.com', NULL, 1, N'T', CAST(0x0000A0BE00E626C1 AS DateTime), N'1', CAST(0x0000A13200E0ECD1 AS DateTime), N'1', NULL)
SET IDENTITY_INSERT [dbo].[User] OFF
